mat_alu,cod_tempo,cod_curso,cod_disc,cod_desempenho
1,20171,6,21,1
2,20182,9,39,3
3,20221,10,28,2
4,20222,10,18,2
5,20222,10,29,3
6,20202,5,36,2
7,20182,4,22,2
8,20202,5,23,2
9,20192,3,9,3
10,20222,2,5,1
11,20182,3,24,2
12,20202,12,6,2
13,20191,2,31,2
14,20181,6,30,2
15,20201,14,18,3
16,20191,9,21,2
17,20191,14,16,2
18,20202,1,20,2
19,20202,12,38,3
20,20192,1,38,1
21,20192,14,15,2
22,20202,2,35,1
23,20182,2,12,2
24,20212,10,40,2
25,20211,4,17,2
26,20221,6,19,3
27,20182,12,3,3
28,20211,8,15,2
29,20182,8,15,2
30,20181,13,19,2
31,20182,9,12,2
32,20222,8,11,2
33,20202,1,12,2
34,20202,7,25,2
35,20201,10,12,2
36,20191,12,8,2
37,20182,14,32,2
38,20222,12,39,3
39,20182,13,34,2
40,20181,13,12,2
41,20191,4,21,3
42,20222,1,21,3
43,20191,13,39,1
44,20182,8,16,2
45,20192,5,19,3
46,20202,5,17,2
47,20222,1,40,2
48,20201,7,20,3
49,20181,1,39,2
50,20211,1,16,2
51,20191,4,18,2
52,20181,3,27,3
53,20202,4,9,2
54,20211,11,39,2
55,20201,10,27,2
56,20222,4,10,2
57,20182,7,2,2
58,20222,1,35,1
59,20192,12,29,3
60,20201,12,17,2
61,20211,1,22,3
62,20222,12,30,3
63,20192,8,34,2
64,20181,14,10,2
65,20222,9,7,2
66,20191,11,4,3
67,20211,2,1,2
68,20211,8,17,2
69,20222,12,8,2
70,20211,1,14,2
71,20202,11,18,2
72,20212,11,27,1
73,20221,2,16,2
74,20202,9,7,2
75,20211,14,37,2
76,20211,8,18,2
77,20182,9,29,2
78,20202,2,23,2
79,20221,3,36,1
80,20221,3,22,2
81,20211,3,31,3
82,20202,14,16,2
83,20221,5,16,3
84,20211,12,37,2
85,20191,14,30,2
86,20181,6,13,2
87,20182,4,22,2
88,20192,8,37,2
89,20201,6,22,2
90,20191,6,26,3
91,20182,9,27,2
92,20202,7,36,2
93,20202,12,38,3
94,20211,1,11,1
95,20211,1,28,2
96,20202,5,21,3
97,20192,13,10,2
98,20222,4,6,2
99,20191,9,2,2
100,20212,14,10,1
101,20221,5,14,2
102,20221,7,5,3
103,20191,8,5,2
104,20181,7,35,2
105,20202,9,39,2
106,20182,8,10,2
107,20192,2,39,2
108,20222,6,37,2
109,20212,5,32,3
110,20222,13,27,3
111,20211,9,5,2
112,20192,6,2,2
113,20212,5,17,2
114,20181,8,26,2
115,20192,9,10,2
116,20201,10,14,2
117,20222,6,6,2
118,20212,1,32,2
119,20182,11,10,2
120,20202,5,37,2
121,20191,8,37,2
122,20191,7,34,2
123,20201,14,1,3
124,20182,13,5,2
125,20191,12,21,2
126,20201,14,21,3
127,20201,1,22,2
128,20192,3,6,3
129,20222,2,28,3
130,20192,3,3,3
131,20221,12,4,2
132,20222,14,24,3
133,20182,3,38,2
134,20211,7,37,2
135,20192,14,28,3
136,20201,11,28,2
137,20182,10,23,1
138,20192,9,25,2
139,20201,8,13,2
140,20212,4,1,1
141,20212,9,15,1
142,20211,13,29,2
143,20181,10,38,1
144,20221,10,30,3
145,20222,14,11,2
146,20202,1,24,2
147,20191,5,12,2
148,20192,10,3,3
149,20201,11,33,2
150,20221,6,17,2
151,20182,5,35,2
152,20192,3,25,2
153,20221,13,7,2
154,20221,8,6,2
155,20221,7,13,3
156,20181,13,31,2
157,20211,12,7,2
158,20181,1,34,2
159,20212,9,28,2
160,20202,5,7,3
161,20191,9,4,1
162,20212,1,30,2
163,20181,9,35,2
164,20202,9,7,2
165,20212,8,40,2
166,20191,9,18,2
167,20201,3,26,3
168,20182,7,33,2
169,20192,3,8,2
170,20201,8,7,2
171,20182,9,18,2
172,20191,10,32,2
173,20212,13,33,3
174,20192,1,38,2
175,20191,10,36,2
176,20201,13,39,2
177,20211,14,4,3
178,20221,12,35,2
179,20202,6,35,2
180,20211,9,40,2
181,20191,14,6,3
182,20221,10,8,2
183,20222,13,17,3
184,20192,9,34,2
185,20182,3,9,2
186,20222,7,19,2
187,20202,2,35,1
188,20202,6,6,2
189,20192,13,33,2
190,20211,3,18,2
191,20221,4,3,3
192,20202,4,29,2
193,20192,5,25,2
194,20182,10,37,2
195,20221,4,36,3
196,20181,4,32,2
197,20182,13,35,2
198,20212,1,25,3
199,20181,5,26,2
200,20191,6,33,2
201,20201,2,18,3
202,20182,7,14,2
203,20222,12,29,3
204,20212,8,21,1
205,20181,8,3,2
206,20182,2,28,3
207,20221,13,35,3
208,20212,10,5,1
209,20222,9,37,2
210,20212,3,39,2
211,20192,1,11,2
212,20192,14,37,2
213,20211,9,19,2
214,20182,4,13,2
215,20221,5,10,2
216,20201,2,23,3
217,20182,7,14,3
218,20211,14,34,2
219,20221,9,9,3
220,20221,5,22,2
221,20202,6,1,2
222,20211,3,15,2
223,20191,3,39,3
224,20221,14,29,2
225,20201,5,1,2
226,20212,14,8,2
227,20201,2,14,3
228,20211,12,18,2
229,20212,9,10,2
230,20191,6,3,2
231,20211,13,8,2
232,20222,4,34,2
233,20212,8,17,3
234,20212,3,30,1
235,20192,4,16,3
236,20201,6,35,3
237,20222,13,29,2
238,20212,5,34,2
239,20212,5,20,2
240,20192,2,3,2
241,20191,5,27,2
242,20222,9,5,3
243,20212,14,2,2
244,20202,2,2,3
245,20181,6,34,2
246,20181,7,35,2
247,20201,8,32,2
248,20192,11,40,2
249,20202,8,1,1
250,20191,1,29,3
251,20191,3,6,2
252,20182,11,39,2
253,20191,8,24,2
254,20192,8,38,1
255,20191,3,37,2
256,20221,1,9,3
257,20211,14,17,2
258,20181,12,7,2
259,20211,7,27,2
260,20191,8,38,2
261,20202,12,1,2
262,20212,12,11,2
263,20182,3,33,2
264,20211,7,15,1
265,20181,12,19,2
266,20221,14,2,2
267,20202,11,12,2
268,20201,13,27,2
269,20191,10,16,2
270,20211,1,31,2
271,20201,12,24,2
272,20181,2,39,1
273,20182,9,24,2
274,20202,3,1,3
275,20222,9,25,2
276,20211,4,8,2
277,20181,7,21,2
278,20181,4,24,3
279,20192,8,33,2
280,20182,12,8,2
281,20181,12,9,2
282,20221,9,31,3
283,20222,5,13,2
284,20222,1,6,2
285,20222,5,31,2
286,20191,1,23,2
287,20182,12,33,1
288,20222,6,35,3
289,20222,10,22,2
290,20182,2,20,2
291,20202,6,36,2
292,20202,9,8,2
293,20211,12,1,2
294,20222,2,1,2
295,20192,3,33,3
296,20222,3,4,2
297,20222,6,26,3
298,20191,3,12,2
299,20202,3,24,2
300,20222,3,35,2
301,20191,14,20,2
302,20191,5,11,2
303,20211,5,38,2
304,20201,13,3,1
305,20211,3,39,2
306,20222,12,21,2
307,20201,11,7,2
308,20202,4,13,2
309,20201,12,27,2
310,20201,1,16,2
311,20221,7,23,2
312,20182,5,31,2
313,20221,1,27,2
314,20181,7,23,2
315,20221,8,13,2
316,20182,10,7,3
317,20222,1,26,2
318,20202,5,20,2
319,20222,5,6,3
320,20191,5,36,2
321,20191,4,13,1
322,20192,4,32,2
323,20211,9,38,2
324,20212,4,26,2
325,20211,11,1,3
326,20191,4,14,2
327,20211,6,21,2
328,20192,1,38,2
329,20191,2,5,2
330,20221,11,21,3
331,20202,1,19,3
332,20212,4,33,2
333,20201,13,37,2
334,20222,6,23,3
335,20202,3,24,2
336,20222,7,17,2
337,20222,14,8,2
338,20221,6,6,3
339,20221,9,25,1
340,20201,11,28,2
341,20202,1,35,2
342,20211,10,31,2
343,20191,10,39,2
344,20222,10,36,3
345,20211,9,5,2
346,20212,9,27,2
347,20191,8,27,3
348,20191,3,26,2
349,20181,13,9,2
350,20212,1,21,3
351,20212,6,19,2
352,20211,4,33,2
353,20222,6,40,2
354,20191,5,19,2
355,20191,14,36,2
356,20222,3,12,3
357,20192,5,5,3
358,20191,6,7,2
359,20211,1,14,2
360,20181,8,1,2
361,20221,11,11,2
362,20222,7,21,2
363,20212,13,19,2
364,20202,7,39,2
365,20222,1,31,2
366,20212,5,36,2
367,20192,10,4,2
368,20222,2,28,2
369,20201,5,20,2
370,20221,6,28,3
371,20191,3,3,1
372,20212,8,7,2
373,20181,14,28,2
374,20212,12,33,2
375,20221,7,22,2
376,20182,11,38,3
377,20221,2,29,2
378,20212,11,2,2
379,20222,4,11,2
380,20211,8,31,2
381,20211,7,26,2
382,20181,3,23,2
383,20182,14,29,1
384,20191,14,10,1
385,20211,11,24,1
386,20192,3,34,2
387,20191,7,5,2
388,20201,1,19,3
389,20222,7,38,2
390,20202,13,10,2
391,20182,1,32,2
392,20201,1,31,2
393,20211,8,23,1
394,20181,9,4,2
395,20212,11,33,3
396,20222,5,13,2
397,20212,5,9,2
398,20192,4,27,2
399,20202,1,8,2
400,20211,11,5,2
401,20211,9,21,2
402,20222,5,3,2
403,20221,1,31,2
404,20181,2,38,2
405,20192,3,26,2
406,20222,13,39,3
407,20202,7,16,2
408,20211,1,22,2
409,20192,10,19,2
410,20211,4,6,2
411,20202,14,14,3
412,20182,4,11,2
413,20181,3,23,2
414,20211,7,1,2
415,20222,9,30,1
416,20181,3,37,2
417,20182,5,17,3
418,20221,6,26,2
419,20221,4,35,2
420,20181,8,26,2
421,20201,1,3,2
422,20202,4,37,2
423,20211,5,21,3
424,20182,4,22,2
425,20191,1,11,2
426,20222,1,27,1
427,20211,1,10,2
428,20201,8,6,2
429,20182,6,29,3
430,20221,8,15,3
431,20202,5,28,2
432,20181,4,5,2
433,20182,12,36,2
434,20221,10,29,2
435,20181,9,3,2
436,20222,9,9,2
437,20202,14,7,2
438,20201,3,4,2
439,20191,6,31,1
440,20202,11,25,2
441,20191,11,21,2
442,20221,8,34,2
443,20192,12,12,2
444,20212,14,21,2
445,20191,13,25,3
446,20192,1,17,2
447,20202,2,21,3
448,20221,5,8,2
449,20212,14,18,2
450,20212,11,10,2
451,20181,6,9,2
452,20181,5,19,3
453,20181,4,28,2
454,20182,5,11,3
455,20182,3,11,2
456,20221,7,6,2
457,20201,13,1,3
458,20182,12,20,2
459,20181,4,16,2
460,20182,14,4,2
461,20191,6,22,3
462,20181,2,31,2
463,20202,10,40,2
464,20221,7,2,3
465,20181,9,38,2
466,20221,12,8,2
467,20212,6,33,2
468,20221,8,13,3
469,20201,9,24,2
470,20212,14,15,2
471,20221,4,38,1
472,20222,8,4,2
473,20202,10,5,3
474,20181,5,16,3
475,20222,11,24,2
476,20201,14,20,2
477,20212,6,21,2
478,20221,4,35,3
479,20211,2,4,2
480,20211,4,26,2
481,20221,12,24,2
482,20221,14,7,2
483,20222,10,12,3
484,20202,13,30,2
485,20222,1,9,2
486,20202,8,35,2
487,20201,6,28,2
488,20201,7,6,3
489,20191,4,32,1
490,20212,10,25,3
491,20192,9,33,3
492,20192,2,17,2
493,20201,5,40,3
494,20221,12,34,2
495,20181,6,25,2
496,20201,6,23,2
497,20181,5,3,3
498,20201,6,3,3
499,20222,2,12,3
500,20202,7,26,2
501,20182,1,17,2
502,20191,9,19,2
503,20202,4,8,3
504,20221,2,22,2
505,20202,9,7,2
506,20212,6,4,3
507,20201,14,20,2
508,20221,10,36,2
509,20212,8,31,2
510,20181,14,27,2
511,20222,5,20,3
512,20211,10,29,3
513,20212,4,11,3
514,20211,10,14,2
515,20202,14,26,3
516,20212,4,1,1
517,20212,6,32,3
518,20201,10,35,3
519,20221,2,8,2
520,20212,5,20,2
521,20192,6,35,3
522,20191,11,38,2
523,20192,3,38,2
524,20221,13,5,3
525,20191,12,30,3
526,20182,4,14,2
527,20181,11,16,1
528,20182,3,27,3
529,20211,6,20,3
530,20202,1,26,2
531,20212,9,30,2
532,20222,3,35,2
533,20212,10,4,1
534,20212,1,36,2
535,20192,10,38,3
536,20211,9,33,3
537,20221,13,10,2
538,20181,3,11,2
539,20221,11,15,2
540,20201,14,4,2
541,20222,10,22,3
542,20191,10,1,2
543,20222,10,8,2
544,20221,9,35,2
545,20192,6,15,3
546,20221,9,14,2
547,20211,1,38,1
548,20211,12,30,2
549,20222,7,6,2
550,20221,10,21,2
551,20182,12,35,2
552,20191,6,1,2
553,20201,6,37,2
554,20212,12,15,2
555,20222,5,32,2
556,20191,2,14,3
557,20181,3,33,2
558,20201,1,36,2
559,20221,6,34,2
560,20222,7,4,3
561,20202,2,32,2
562,20192,2,21,2
563,20192,3,14,2
564,20222,2,7,2
565,20221,13,28,2
566,20212,14,35,2
567,20202,1,27,2
568,20211,8,37,2
569,20191,13,30,3
570,20191,14,7,3
571,20212,13,31,2
572,20192,12,23,2
573,20212,3,14,2
574,20201,5,33,3
575,20222,10,29,2
576,20202,8,29,2
577,20222,3,32,2
578,20181,8,26,2
579,20202,2,23,2
580,20192,3,36,1
581,20221,3,34,2
582,20182,8,22,2
583,20191,7,5,2
584,20191,9,7,2
585,20201,11,13,2
586,20182,5,6,1
587,20191,11,17,2
588,20182,10,28,1
589,20191,4,13,3
590,20182,13,31,3
591,20221,14,36,2
592,20192,3,9,3
593,20182,13,10,3
594,20221,5,28,3
595,20202,11,5,2
596,20201,3,36,3
597,20192,7,25,2
598,20202,7,19,1
599,20192,7,24,2
600,20192,6,35,3
601,20211,14,22,2
602,20181,13,31,3
603,20222,13,1,2
604,20191,9,33,2
605,20202,8,8,2
606,20202,8,34,2
607,20202,3,2,2
608,20211,5,28,3
609,20182,9,39,1
610,20211,12,36,3
611,20212,11,27,2
612,20181,13,7,1
613,20191,13,20,1
614,20211,6,28,1
615,20212,1,40,2
616,20201,14,17,2
617,20202,1,24,2
618,20202,5,19,2
619,20211,14,24,2
620,20212,1,35,2
621,20201,5,29,2
622,20221,4,1,1
623,20191,2,7,1
624,20192,8,25,2
625,20181,12,5,3
626,20191,7,25,2
627,20222,1,37,2
628,20202,5,24,2
629,20182,3,36,1
630,20181,3,33,2
631,20202,7,35,2
632,20221,9,25,2
633,20221,3,19,2
634,20192,4,12,2
635,20191,13,4,2
636,20221,5,6,2
637,20221,3,7,2
638,20222,1,37,2
639,20202,14,25,2
640,20212,12,32,2
641,20191,1,37,2
642,20201,4,9,3
643,20202,11,6,2
644,20192,5,24,1
645,20211,6,11,2
646,20181,8,37,2
647,20211,1,17,2
648,20212,6,22,2
649,20212,11,6,2
650,20212,3,18,2
651,20222,14,19,2
652,20182,6,1,2
653,20221,5,37,3
654,20211,9,14,2
655,20221,7,8,3
656,20221,7,22,2
657,20222,12,40,3
658,20192,4,19,3
659,20191,7,27,3
660,20192,14,22,2
661,20221,13,16,2
662,20182,7,26,2
663,20221,1,8,2
664,20202,14,9,2
665,20202,1,28,3
666,20222,7,40,2
667,20181,13,6,2
668,20192,2,32,1
669,20191,6,28,2
670,20222,14,33,2
671,20182,4,28,3
672,20182,2,5,2
673,20202,10,34,3
674,20211,7,23,2
675,20212,13,36,3
676,20211,8,40,2
677,20212,8,38,2
678,20212,4,15,3
679,20221,10,33,1
680,20181,9,29,2
681,20201,5,28,2
682,20182,4,5,2
683,20221,8,33,2
684,20191,3,15,3
685,20201,9,21,3
686,20212,7,5,1
687,20211,11,17,2
688,20222,11,3,2
689,20221,4,40,3
690,20212,3,30,2
691,20182,1,31,2
692,20182,12,38,2
693,20212,4,5,2
694,20211,3,20,2
695,20221,5,33,2
696,20181,12,38,3
697,20222,7,38,3
698,20212,2,28,2
699,20221,3,33,3
700,20202,5,17,2
701,20192,12,12,2
702,20212,13,25,2
703,20192,13,24,3
704,20182,13,27,2
705,20192,5,27,2
706,20192,2,33,2
707,20221,4,5,1
708,20182,13,21,3
709,20221,8,35,2
710,20192,4,5,2
711,20202,12,28,2
712,20191,7,32,2
713,20191,6,24,2
714,20221,11,9,2
715,20222,13,19,2
716,20182,5,34,3
717,20191,14,3,2
718,20191,10,9,2
719,20192,14,27,2
720,20222,9,36,3
721,20212,13,19,2
722,20221,13,27,2
723,20212,14,19,2
724,20192,14,38,2
725,20222,12,38,2
726,20222,9,4,2
727,20212,11,21,2
728,20222,2,38,1
729,20211,4,19,2
730,20181,3,18,2
731,20182,1,30,2
732,20212,13,4,2
733,20182,13,18,2
734,20181,12,34,2
735,20192,2,31,2
736,20212,5,30,2
737,20181,11,6,2
738,20201,13,29,2
739,20182,6,35,2
740,20202,11,38,3
741,20211,10,34,2
742,20222,9,18,2
743,20221,11,22,2
744,20202,1,9,2
745,20212,11,7,2
746,20182,14,32,2
747,20212,4,10,2
748,20212,3,30,2
749,20191,5,28,2
750,20201,14,2,2
751,20212,13,15,3
752,20201,6,18,2
753,20221,14,16,3
754,20222,1,11,2
755,20192,7,3,2
756,20212,14,30,2
757,20191,1,17,2
758,20211,12,20,2
759,20221,6,7,2
760,20201,9,1,2
761,20202,13,4,1
762,20222,8,6,2
763,20181,4,16,2
764,20202,14,6,2
765,20191,8,27,2
766,20211,5,36,2
767,20222,13,27,3
768,20201,13,7,2
769,20222,6,36,3
770,20192,3,32,3
771,20202,6,21,2
772,20181,10,7,2
773,20191,13,21,1
774,20212,2,21,3
775,20202,6,28,2
776,20221,12,21,1
777,20181,12,34,2
778,20182,11,1,2
779,20211,5,29,3
780,20202,12,38,3
781,20221,4,17,1
782,20202,6,18,2
783,20192,5,32,3
784,20201,4,36,2
785,20191,3,2,2
786,20202,4,26,2
787,20221,10,20,3
788,20221,11,6,2
789,20201,3,30,2
790,20192,3,22,2
791,20222,8,26,2
792,20212,13,32,2
793,20192,14,16,3
794,20182,12,5,3
795,20202,14,13,2
796,20211,2,12,2
797,20182,14,2,1
798,20191,13,20,1
799,20202,5,28,3
800,20212,4,1,3
801,20191,6,27,3
802,20192,6,13,1
803,20212,6,39,2
804,20181,9,3,1
805,20192,7,8,2
806,20212,4,39,2
807,20182,3,16,2
808,20202,1,26,3
809,20191,4,25,2
810,20212,13,4,3
811,20221,4,21,2
812,20222,3,20,2
813,20211,6,6,2
814,20192,12,25,2
815,20211,9,25,3
816,20191,11,5,2
817,20222,13,5,2
818,20201,11,24,1
819,20192,2,13,2
820,20211,5,36,2
821,20201,4,17,2
822,20222,8,2,1
823,20192,14,29,2
824,20212,12,2,2
825,20202,6,23,3
826,20181,6,10,2
827,20211,13,13,2
828,20201,5,16,2
829,20221,2,9,3
830,20191,9,1,2
831,20181,14,36,2
832,20192,4,4,3
833,20191,12,2,2
834,20182,13,25,2
835,20181,12,26,3
836,20181,6,25,3
837,20221,9,3,1
838,20192,4,28,3
839,20202,7,33,3
840,20221,4,27,2
841,20192,1,16,3
842,20182,6,39,2
843,20191,12,12,2
844,20181,4,12,1
845,20222,1,4,2
846,20211,2,29,2
847,20202,12,24,2
848,20182,3,36,2
849,20191,9,32,2
850,20192,14,24,2
851,20201,7,36,3
852,20221,7,9,3
853,20192,3,13,2
854,20222,13,19,3
855,20182,3,10,2
856,20182,10,32,2
857,20182,11,25,2
858,20201,9,33,2
859,20201,8,40,2
860,20212,10,27,2
861,20212,8,19,2
862,20202,5,10,2
863,20221,7,4,3
864,20222,13,35,2
865,20222,2,28,2
866,20181,2,28,2
867,20201,14,17,2
868,20212,2,1,3
869,20212,1,9,2
870,20211,7,10,2
871,20182,4,23,3
872,20202,12,14,2
873,20182,2,27,3
874,20191,13,24,2
875,20212,2,8,2
876,20212,8,25,2
877,20212,9,20,2
878,20181,14,1,2
879,20192,14,38,2
880,20181,7,22,3
881,20222,11,17,2
882,20221,4,17,2
883,20192,7,31,2
884,20222,9,6,3
885,20221,11,34,2
886,20202,14,17,3
887,20211,13,34,3
888,20181,14,8,2
889,20221,7,13,3
890,20211,9,4,2
891,20201,10,14,2
892,20211,8,4,2
893,20202,1,36,2
894,20182,10,4,3
895,20182,11,38,3
896,20221,14,37,2
897,20191,5,33,2
898,20221,13,37,2
899,20222,10,37,2
900,20202,10,28,2
901,20212,9,1,2
902,20192,12,21,2
903,20221,8,4,2
904,20182,11,40,1
905,20212,7,34,2
906,20181,4,10,2
907,20212,7,36,2
908,20222,11,39,2
909,20192,9,34,2
910,20202,12,11,2
911,20202,1,27,2
912,20222,14,3,2
913,20212,5,34,2
914,20211,11,27,1
915,20181,13,28,2
916,20201,9,23,2
917,20221,6,2,3
918,20212,9,22,3
919,20181,12,39,2
920,20222,12,1,2
921,20222,12,26,2
922,20192,11,13,2
923,20221,7,33,3
924,20211,10,28,3
925,20221,5,33,2
926,20212,11,39,2
927,20192,7,9,2
928,20181,10,29,3
929,20181,3,38,2
930,20211,7,27,2
931,20182,7,1,2
932,20211,13,18,1
933,20222,3,13,3
934,20201,10,36,2
935,20181,5,13,2
936,20212,3,15,2
937,20212,1,8,2
938,20201,14,15,2
939,20221,3,16,1
940,20192,1,13,2
941,20221,5,34,2
942,20191,10,38,2
943,20201,4,7,2
944,20182,10,23,2
945,20221,2,2,2
946,20201,14,23,3
947,20192,6,8,2
948,20202,8,26,2
949,20222,9,35,3
950,20191,2,17,3
951,20192,11,3,2
952,20212,8,20,3
953,20211,10,21,2
954,20181,13,29,3
955,20222,1,34,2
956,20191,9,5,2
957,20181,8,37,2
958,20222,4,1,2
959,20222,10,36,3
960,20212,9,28,3
961,20222,13,30,3
962,20212,11,14,2
963,20191,10,26,3
964,20182,10,10,2
965,20222,5,35,2
966,20181,2,36,2
967,20181,5,9,3
968,20221,14,22,2
969,20211,7,35,2
970,20212,12,21,3
971,20192,11,18,2
972,20212,9,26,3
973,20222,12,31,2
974,20191,7,9,2
975,20182,5,24,1
976,20191,4,33,3
977,20211,8,8,3
978,20212,12,4,3
979,20192,4,16,3
980,20181,12,10,2
981,20191,11,10,2
982,20222,6,27,2
983,20222,12,20,1
984,20182,9,39,3
985,20181,4,22,3
986,20182,4,5,2
987,20192,2,17,2
988,20201,2,5,3
989,20202,4,5,2
990,20221,11,13,2
991,20212,12,9,2
992,20201,12,26,2
993,20201,14,27,3
994,20191,3,27,2
995,20211,11,11,2
996,20182,3,40,2
997,20192,3,13,2
998,20202,13,38,2
999,20202,5,31,2
1000,20181,10,25,2
1001,20191,3,3,2
1002,20182,2,30,2
1003,20211,3,8,3
1004,20192,10,13,3
1005,20181,4,2,2
1006,20192,6,5,2
1007,20212,5,30,2
1008,20182,6,23,2
1009,20192,14,14,2
1010,20201,5,3,2
1011,20202,1,14,2
1012,20201,12,9,2
1013,20182,7,11,2
1014,20202,8,16,2
1015,20211,8,16,3
1016,20212,10,22,3
1017,20201,10,35,3
1018,20211,1,4,2
1019,20222,3,25,2
1020,20182,13,37,2
1021,20221,1,3,2
1022,20222,8,1,2
1023,20181,11,31,1
1024,20191,3,23,2
1025,20181,7,27,3
1026,20221,9,26,2
1027,20201,4,4,2
1028,20202,4,13,2
1029,20221,8,3,2
1030,20181,3,20,3
1031,20221,13,5,2
1032,20211,8,36,2
1033,20222,4,16,2
1034,20211,11,33,3
1035,20212,9,33,1
1036,20202,13,36,1
1037,20212,14,10,2
1038,20181,14,20,3
1039,20211,3,27,2
1040,20181,8,39,2
1041,20211,2,37,3
1042,20222,4,17,2
1043,20192,8,19,2
1044,20201,2,29,2
1045,20182,1,30,3
1046,20221,8,28,2
1047,20211,4,20,2
1048,20221,2,40,3
1049,20211,5,25,1
1050,20181,4,3,2
1051,20181,4,2,2
1052,20202,9,4,2
1053,20191,12,16,2
1054,20221,5,22,2
1055,20211,5,21,2
1056,20221,7,32,2
1057,20212,9,16,2
1058,20212,11,19,1
1059,20222,13,26,2
1060,20181,5,10,3
1061,20181,2,15,2
1062,20191,1,31,2
1063,20222,12,3,2
1064,20191,10,38,2
1065,20211,14,14,3
1066,20191,2,40,2
1067,20191,13,13,3
1068,20202,14,15,2
1069,20192,8,19,2
1070,20212,4,11,1
1071,20221,14,28,2
1072,20192,7,20,2
1073,20201,1,38,2
1074,20221,13,29,2
1075,20192,4,10,2
1076,20221,11,37,3
1077,20221,11,31,2
1078,20211,2,11,2
1079,20221,4,36,3
1080,20222,11,30,3
1081,20221,6,39,2
1082,20201,13,7,2
1083,20181,14,24,3
1084,20212,6,19,3
1085,20192,8,30,2
1086,20182,1,7,2
1087,20212,13,21,2
1088,20182,4,31,3
1089,20182,8,4,2
1090,20202,14,39,2
1091,20182,10,11,2
1092,20201,3,35,2
1093,20191,13,30,2
1094,20222,13,20,2
1095,20191,3,11,2
1096,20222,9,13,2
1097,20221,8,27,3
1098,20202,13,40,2
1099,20201,6,32,1
1100,20201,8,31,2
1101,20191,3,32,3
1102,20202,11,15,2
1103,20212,11,32,2
1104,20211,3,32,2
1105,20182,12,32,1
1106,20221,2,9,2
1107,20181,6,28,3
1108,20201,6,9,2
1109,20202,4,39,3
1110,20191,10,8,2
1111,20182,3,36,3
1112,20182,6,23,2
1113,20182,10,5,1
1114,20222,10,14,2
1115,20201,12,29,2
1116,20212,10,20,3
1117,20202,9,22,3
1118,20181,5,23,2
1119,20212,12,10,2
1120,20221,2,20,2
1121,20211,2,3,3
1122,20221,13,17,2
1123,20202,6,5,2
1124,20181,14,4,3
1125,20182,11,18,2
1126,20221,14,27,2
1127,20201,11,34,2
1128,20182,5,30,2
1129,20222,1,37,2
1130,20202,14,7,1
1131,20191,2,28,2
1132,20191,9,33,2
1133,20191,1,38,2
1134,20192,12,4,2
1135,20222,11,28,3
1136,20202,11,30,2
1137,20222,9,40,2
1138,20191,5,25,2
1139,20202,1,34,3
1140,20192,3,4,3
1141,20221,7,6,2
1142,20212,3,20,2
1143,20211,11,23,2
1144,20201,4,15,2
1145,20182,10,10,2
1146,20201,7,16,2
1147,20211,11,37,2
1148,20201,12,40,2
1149,20201,12,5,2
1150,20222,11,29,2
1151,20211,13,39,3
1152,20191,12,24,2
1153,20192,2,6,2
1154,20221,13,29,3
1155,20191,11,34,2
1156,20192,11,14,2
1157,20182,14,3,2
1158,20211,3,17,3
1159,20181,10,31,1
1160,20221,6,30,1
1161,20182,2,26,3
1162,20201,13,37,2
1163,20192,1,24,2
1164,20222,10,36,2
1165,20211,13,8,3
1166,20182,13,23,2
1167,20182,7,33,2
1168,20211,6,14,2
1169,20212,9,26,2
1170,20222,13,8,2
1171,20211,3,8,2
1172,20192,8,36,2
1173,20192,6,9,2
1174,20211,10,12,2
1175,20191,14,17,2
1176,20201,14,8,2
1177,20191,10,20,3
1178,20211,2,11,2
1179,20182,11,26,2
1180,20192,3,29,2
1181,20191,10,33,1
1182,20191,5,35,3
1183,20181,6,37,2
1184,20201,13,17,2
1185,20211,3,36,2
1186,20221,10,19,2
1187,20181,12,6,3
1188,20192,12,9,2
1189,20222,4,37,3
1190,20202,10,19,3
1191,20182,14,30,2
1192,20181,5,18,3
1193,20212,3,17,2
1194,20192,3,19,3
1195,20202,4,38,2
1196,20191,5,16,1
1197,20222,6,19,2
1198,20212,2,24,1
1199,20191,5,36,3
1200,20202,4,22,1
1201,20191,6,30,2
1202,20182,10,7,2
1203,20201,4,39,2
1204,20222,1,6,2
1205,20181,1,2,1
1206,20191,9,15,2
1207,20222,4,1,2
1208,20201,12,39,2
1209,20202,5,38,3
1210,20221,3,7,2
1211,20221,13,15,2
1212,20221,5,31,2
1213,20221,6,22,2
1214,20202,2,26,3
1215,20211,4,25,2
1216,20212,1,21,3
1217,20191,11,35,2
1218,20191,10,22,2
1219,20222,6,24,3
1220,20192,13,9,2
1221,20222,2,16,3
1222,20212,4,40,2
1223,20222,1,28,3
1224,20212,7,27,3
1225,20192,2,11,1
1226,20182,11,33,2
1227,20211,7,15,2
1228,20202,14,17,2
1229,20201,2,19,2
1230,20182,4,16,2
1231,20222,5,2,1
1232,20222,13,38,3
1233,20181,3,22,2
1234,20211,1,39,2
1235,20181,13,34,3
1236,20191,11,8,2
1237,20191,4,28,3
1238,20202,4,27,2
1239,20222,13,22,2
1240,20182,13,40,2
1241,20201,10,7,2
1242,20221,2,38,3
1243,20221,7,30,2
1244,20201,6,11,2
1245,20192,13,16,1
1246,20192,2,21,1
1247,20221,14,11,2
1248,20222,1,15,2
1249,20212,7,20,3
1250,20182,13,4,2
1251,20191,1,39,3
1252,20192,13,24,2
1253,20181,14,24,2
1254,20201,1,16,2
1255,20192,5,30,2
1256,20192,1,37,2
1257,20181,4,37,2
1258,20201,11,11,3
1259,20191,1,18,2
1260,20182,5,22,3
1261,20202,7,37,2
1262,20222,6,11,1
1263,20211,8,39,2
1264,20192,6,4,3
1265,20192,3,18,1
1266,20191,1,16,2
1267,20182,5,23,2
1268,20202,3,25,2
1269,20201,12,21,2
1270,20201,13,10,1
1271,20182,1,29,2
1272,20181,2,6,2
1273,20202,12,17,2
1274,20191,2,2,2
1275,20212,1,38,2
1276,20202,6,35,2
1277,20211,10,33,2
1278,20191,7,29,1
1279,20211,2,14,2
1280,20192,4,1,2
1281,20221,7,13,2
1282,20191,9,35,2
1283,20212,1,8,2
1284,20182,6,19,2
1285,20202,3,26,2
1286,20212,5,30,2
1287,20181,14,38,2
1288,20191,8,25,2
1289,20181,5,26,2
1290,20202,13,5,2
1291,20181,3,28,2
1292,20182,5,17,2
1293,20221,13,18,2
1294,20212,6,16,2
1295,20191,8,36,1
1296,20222,1,35,3
1297,20222,1,3,2
1298,20212,2,23,2
1299,20221,9,14,1
1300,20212,8,36,2
1301,20221,14,5,2
1302,20221,10,22,3
1303,20201,14,38,3
1304,20182,9,36,2
1305,20222,13,17,2
1306,20211,6,35,2
1307,20202,12,29,3
1308,20222,11,30,2
1309,20211,11,38,2
1310,20192,12,13,2
1311,20202,2,6,2
1312,20182,6,22,2
1313,20182,13,39,2
1314,20191,7,2,2
1315,20211,4,25,3
1316,20211,8,26,2
1317,20182,7,14,2
1318,20222,10,20,2
1319,20221,4,17,2
1320,20222,12,31,3
1321,20191,7,32,2
1322,20191,7,4,2
1323,20181,2,38,2
1324,20191,8,20,3
1325,20201,2,8,2
1326,20222,8,7,3
1327,20181,8,15,2
1328,20202,7,3,2
1329,20221,2,35,2
1330,20191,1,37,2
1331,20181,2,25,2
1332,20192,10,1,2
1333,20202,9,7,2
1334,20201,3,15,2
1335,20202,8,25,2
1336,20211,13,4,3
1337,20202,4,26,2
1338,20211,1,17,2
1339,20211,8,20,3
1340,20211,7,22,2
1341,20212,1,29,3
1342,20221,11,3,2
1343,20181,10,35,2
1344,20191,1,30,2
1345,20212,2,37,2
1346,20212,8,23,2
1347,20212,3,31,2
1348,20191,11,11,2
1349,20222,11,3,2
1350,20211,8,22,2
1351,20211,2,35,3
1352,20191,11,24,2
1353,20221,5,33,3
1354,20201,5,34,2
1355,20192,7,4,2
1356,20201,11,33,3
1357,20201,14,22,2
1358,20222,3,13,2
1359,20182,6,18,3
1360,20191,12,5,3
1361,20182,10,6,2
1362,20182,7,1,2
1363,20182,1,26,2
1364,20211,14,19,2
1365,20222,11,39,2
1366,20221,13,4,2
1367,20192,4,26,2
1368,20221,11,2,1
1369,20182,13,39,3
1370,20211,13,27,2
1371,20182,1,27,2
1372,20212,9,10,2
1373,20222,3,27,2
1374,20182,7,38,2
1375,20191,11,27,1
1376,20211,10,22,3
1377,20192,7,21,3
1378,20221,5,24,2
1379,20192,9,17,3
1380,20182,14,30,3
1381,20182,3,40,2
1382,20221,8,3,2
1383,20181,1,7,2
1384,20191,2,39,2
1385,20202,5,7,2
1386,20192,1,3,2
1387,20221,2,11,2
1388,20212,11,37,2
1389,20212,11,6,2
1390,20181,1,21,2
1391,20201,11,26,2
1392,20222,6,35,3
1393,20222,6,18,2
1394,20202,3,24,2
1395,20222,6,4,3
1396,20192,11,29,2
1397,20212,3,16,2
1398,20211,13,17,3
1399,20191,11,13,2
1400,20182,11,18,2
1401,20182,6,20,2
1402,20222,3,24,2
1403,20212,3,39,3
1404,20191,12,1,2
1405,20182,8,9,3
1406,20202,2,9,2
1407,20181,9,34,3
1408,20191,5,5,2
1409,20222,11,12,2
1410,20201,4,21,2
1411,20181,11,38,2
1412,20192,8,7,2
1413,20202,7,25,2
1414,20202,13,21,2
1415,20191,13,12,2
1416,20181,13,25,3
1417,20202,1,5,2
1418,20182,12,32,2
1419,20221,3,15,2
1420,20181,5,17,2
1421,20212,5,7,2
1422,20191,7,2,3
1423,20212,2,34,2
1424,20181,13,1,2
1425,20181,5,16,3
1426,20202,5,17,2
1427,20222,12,16,2
1428,20222,8,7,2
1429,20221,4,30,2
1430,20191,10,26,2
1431,20222,3,13,2
1432,20202,12,3,2
1433,20192,10,2,1
1434,20191,11,20,2
1435,20181,1,12,2
1436,20201,12,20,3
1437,20192,2,2,2
1438,20181,6,36,1
1439,20181,3,16,3
1440,20202,8,21,2
1441,20221,8,28,3
1442,20212,6,8,1
1443,20202,8,39,2
1444,20222,9,25,3
1445,20192,10,17,2
1446,20221,2,39,2
1447,20201,6,22,2
1448,20192,12,29,2
1449,20221,4,35,3
1450,20181,5,6,3
1451,20201,12,4,2
1452,20221,11,16,3
1453,20192,9,37,2
1454,20201,1,5,3
1455,20192,1,35,3
1456,20201,4,38,2
1457,20222,5,22,2
1458,20221,1,23,3
1459,20222,7,13,3
1460,20182,14,4,2
1461,20192,9,22,2
1462,20202,6,7,2
1463,20191,2,1,3
1464,20181,9,2,1
1465,20181,2,14,2
1466,20221,10,31,2
1467,20181,3,27,2
1468,20181,11,28,3
1469,20192,7,14,2
1470,20182,14,21,2
1471,20222,13,9,2
1472,20181,4,5,2
1473,20181,7,7,2
1474,20181,3,40,2
1475,20181,7,3,2
1476,20192,4,8,3
1477,20221,2,37,3
1478,20182,8,35,2
1479,20181,6,4,1
1480,20182,3,39,2
1481,20211,8,30,1
1482,20221,11,35,2
1483,20221,11,37,2
1484,20192,9,23,2
1485,20191,1,20,1
1486,20212,13,13,2
1487,20221,1,8,2
1488,20222,4,8,2
1489,20222,5,33,1
1490,20222,4,1,2
1491,20182,7,19,2
1492,20211,2,7,2
1493,20182,13,17,3
1494,20202,14,3,3
1495,20181,2,27,2
1496,20181,14,9,3
1497,20201,10,25,3
1498,20201,8,8,2
1499,20212,14,18,2
1500,20221,1,38,2
1501,20201,10,7,2
1502,20191,11,18,3
1503,20182,4,33,2
1504,20211,5,38,2
1505,20181,6,10,2
1506,20222,13,37,2
1507,20221,13,38,2
1508,20211,2,30,2
1509,20201,12,26,2
1510,20192,2,11,3
1511,20201,1,4,3
1512,20192,1,38,2
1513,20191,8,6,2
1514,20202,3,19,2
1515,20201,5,19,2
1516,20221,13,8,2
1517,20212,13,9,2
1518,20202,5,24,2
1519,20222,3,32,3
1520,20211,3,17,2
1521,20181,2,15,2
1522,20212,13,37,2
1523,20181,12,2,2
1524,20192,9,8,3
1525,20211,8,7,3
1526,20181,4,14,2
1527,20181,2,8,2
1528,20181,4,27,2
1529,20182,9,33,2
1530,20222,4,4,3
1531,20181,14,33,1
1532,20191,1,22,2
1533,20211,8,7,2
1534,20201,13,25,2
1535,20211,10,9,2
1536,20201,2,2,2
1537,20182,10,13,2
1538,20211,8,27,2
1539,20191,14,17,2
1540,20192,4,24,2
1541,20202,9,6,2
1542,20182,9,26,2
1543,20202,5,1,2
1544,20221,7,15,3
1545,20192,7,29,2
1546,20202,11,2,3
1547,20182,12,29,2
1548,20191,2,17,2
1549,20192,1,38,2
1550,20191,14,30,2
1551,20222,10,2,2
1552,20192,1,36,3
1553,20192,7,38,2
1554,20211,4,21,2
1555,20212,3,7,3
1556,20181,1,34,2
1557,20221,7,19,2
1558,20211,9,3,2
1559,20221,9,7,2
1560,20221,13,37,2
1561,20192,6,5,2
1562,20212,14,39,2
1563,20211,6,23,2
1564,20192,4,13,3
1565,20212,13,38,2
1566,20182,2,40,3
1567,20181,4,6,2
1568,20182,1,15,2
1569,20201,4,16,3
1570,20191,11,24,2
1571,20212,7,1,2
1572,20201,13,3,2
1573,20212,6,3,2
1574,20201,12,8,2
1575,20222,5,7,2
1576,20192,5,37,3
1577,20181,3,12,2
1578,20222,3,37,2
1579,20212,9,21,3
1580,20212,11,40,2
1581,20211,10,40,2
1582,20182,8,26,3
1583,20212,11,34,2
1584,20192,9,2,2
1585,20222,2,7,2
1586,20222,3,37,2
1587,20222,9,35,2
1588,20212,4,22,2
1589,20192,8,34,2
1590,20192,8,14,2
1591,20192,8,28,2
1592,20181,12,26,3
1593,20181,7,15,2
1594,20221,3,13,2
1595,20211,8,19,2
1596,20221,11,26,3
1597,20211,13,15,2
1598,20222,8,1,2
1599,20192,8,31,2
1600,20201,12,33,2
1601,20182,2,23,2
1602,20221,7,4,2
1603,20191,14,4,1
1604,20182,7,9,3
1605,20191,10,22,2
1606,20182,1,16,2
1607,20191,11,25,1
1608,20181,12,8,2
1609,20212,3,17,3
1610,20222,14,30,2
1611,20181,7,40,2
1612,20201,5,29,3
1613,20211,5,17,2
1614,20222,9,4,2
1615,20211,6,16,2
1616,20221,1,34,2
1617,20192,4,32,2
1618,20211,12,10,3
1619,20202,12,27,2
1620,20211,5,12,2
1621,20201,10,34,2
1622,20191,8,35,2
1623,20191,8,14,2
1624,20221,2,23,1
1625,20221,10,34,2
1626,20192,4,10,2
1627,20192,13,9,3
1628,20211,7,20,2
1629,20221,14,34,2
1630,20181,5,24,1
1631,20181,1,13,2
1632,20182,1,10,1
1633,20211,3,2,3
1634,20202,14,1,2
1635,20201,11,33,2
1636,20191,11,3,2
1637,20211,5,24,2
1638,20221,1,37,2
1639,20212,6,20,3
1640,20221,13,29,1
1641,20202,12,34,1
1642,20222,14,20,1
1643,20192,5,5,2
1644,20221,4,31,2
1645,20211,3,7,1
1646,20221,3,16,2
1647,20182,12,23,3
1648,20182,12,30,2
1649,20212,5,36,2
1650,20212,12,34,2
1651,20192,9,34,3
1652,20212,7,27,1
1653,20221,1,35,2
1654,20201,5,18,2
1655,20182,12,3,2
1656,20181,10,22,2
1657,20192,10,40,2
1658,20222,2,25,2
1659,20181,9,37,2
1660,20182,6,34,2
1661,20192,3,1,2
1662,20182,13,17,2
1663,20192,12,11,2
1664,20212,5,17,2
1665,20211,1,19,2
1666,20221,11,14,2
1667,20202,12,40,2
1668,20201,6,21,1
1669,20191,1,29,2
1670,20181,9,4,2
1671,20181,14,14,3
1672,20222,3,6,3
1673,20181,6,38,2
1674,20211,1,19,3
1675,20181,4,38,2
1676,20221,9,35,2
1677,20201,13,14,1
1678,20192,9,18,2
1679,20191,11,9,2
1680,20211,8,30,2
1681,20201,12,26,2
1682,20201,9,11,1
1683,20211,4,39,3
1684,20211,7,26,2
1685,20202,13,6,3
1686,20182,13,24,3
1687,20212,6,1,1
1688,20181,1,39,3
1689,20202,10,38,3
1690,20212,12,15,3
1691,20182,8,23,2
1692,20201,1,32,3
1693,20201,4,19,2
1694,20201,5,30,2
1695,20222,13,33,3
1696,20191,3,26,2
1697,20192,2,26,2
1698,20181,11,20,2
1699,20211,10,9,2
1700,20191,14,37,2
1701,20191,14,2,1
1702,20192,7,16,2
1703,20201,13,37,1
1704,20212,13,20,3
1705,20202,8,10,2
1706,20182,10,6,3
1707,20222,1,8,2
1708,20192,6,15,2
1709,20181,9,20,2
1710,20191,5,7,2
1711,20211,11,37,2
1712,20202,5,13,3
1713,20202,14,24,2
1714,20212,4,13,2
1715,20201,10,14,2
1716,20181,13,31,2
1717,20182,9,32,3
1718,20181,13,9,3
1719,20182,6,9,2
1720,20221,2,38,2
1721,20212,14,24,2
1722,20211,2,7,2
1723,20192,5,29,2
1724,20201,13,40,3
1725,20211,2,33,3
1726,20212,6,27,2
1727,20202,10,21,2
1728,20182,11,28,2
1729,20212,3,3,1
1730,20191,1,35,2
1731,20201,7,30,1
1732,20212,3,20,2
1733,20191,1,7,3
1734,20181,4,3,2
1735,20192,3,3,1
1736,20212,12,38,3
1737,20182,9,11,3
1738,20191,5,6,2
1739,20222,5,4,2
1740,20181,2,29,3
1741,20202,12,7,2
1742,20221,1,10,2
1743,20221,11,16,2
1744,20181,8,39,2
1745,20222,14,3,2
1746,20201,7,2,2
1747,20202,13,37,2
1748,20211,10,18,2
1749,20212,9,35,2
1750,20212,13,22,2
1751,20202,5,26,1
1752,20211,8,33,2
1753,20182,3,4,2
1754,20192,12,28,2
1755,20191,9,16,2
1756,20181,4,26,2
1757,20222,3,2,3
1758,20212,1,12,3
1759,20202,13,39,2
1760,20191,8,32,2
1761,20192,14,6,3
1762,20202,12,16,2
1763,20211,6,3,2
1764,20221,10,29,1
1765,20211,12,38,1
1766,20182,5,21,2
1767,20222,3,8,2
1768,20211,14,4,1
1769,20211,8,34,2
1770,20202,5,26,2
1771,20211,9,14,2
1772,20221,11,21,2
1773,20182,9,39,2
1774,20192,13,13,1
1775,20181,7,17,1
1776,20181,10,34,3
1777,20191,10,13,3
1778,20181,5,12,2
1779,20201,14,20,2
1780,20211,13,14,3
1781,20202,5,38,1
1782,20212,13,12,3
1783,20192,8,2,3
1784,20181,5,37,3
1785,20201,11,17,1
1786,20211,5,30,2
1787,20212,6,37,2
1788,20181,12,4,3
1789,20202,8,17,1
1790,20191,7,22,3
1791,20222,11,12,3
1792,20202,7,10,2
1793,20191,14,28,3
1794,20222,5,18,2
1795,20181,7,31,2
1796,20222,2,30,2
1797,20201,2,30,3
1798,20191,12,15,1
1799,20181,2,9,2
1800,20181,8,5,1
1801,20181,10,6,2
1802,20191,13,34,3
1803,20181,2,23,2
1804,20191,8,2,2
1805,20221,12,17,3
1806,20192,9,25,2
1807,20201,9,40,2
1808,20192,5,32,2
1809,20221,10,12,3
1810,20192,1,14,2
1811,20222,14,11,3
1812,20192,7,29,2
1813,20221,8,34,2
1814,20192,5,7,2
1815,20182,10,22,2
1816,20181,9,27,2
1817,20181,2,33,2
1818,20201,3,30,1
1819,20212,13,39,2
1820,20182,3,9,2
1821,20192,6,15,1
1822,20211,1,17,2
1823,20192,7,19,2
1824,20182,3,7,3
1825,20221,10,40,2
1826,20192,6,29,2
1827,20181,11,18,2
1828,20182,1,11,3
1829,20212,13,33,1
1830,20212,9,34,2
1831,20201,5,38,2
1832,20191,14,4,2
1833,20201,10,27,2
1834,20201,3,31,2
1835,20202,11,7,2
1836,20222,11,38,2
1837,20182,8,12,2
1838,20182,12,18,2
1839,20202,11,31,3
1840,20201,14,13,3
1841,20211,3,30,2
1842,20191,8,24,3
1843,20201,5,25,2
1844,20202,2,36,2
1845,20201,11,22,3
1846,20192,6,29,2
1847,20222,7,20,2
1848,20222,14,27,2
1849,20222,1,37,2
1850,20192,11,38,2
1851,20191,3,16,2
1852,20201,3,26,2
1853,20181,5,17,3
1854,20222,2,11,3
1855,20181,2,17,2
1856,20192,4,23,3
1857,20222,11,26,2
1858,20181,2,25,2
1859,20221,3,37,2
1860,20202,10,31,2
1861,20222,5,31,2
1862,20221,8,35,2
1863,20211,11,5,3
1864,20181,12,19,2
1865,20182,3,40,2
1866,20202,7,38,2
1867,20221,4,1,2
1868,20202,12,40,2
1869,20191,9,40,2
1870,20221,5,20,2
1871,20202,8,4,2
1872,20191,4,29,2
1873,20201,13,8,3
1874,20221,10,38,2
1875,20212,2,40,2
1876,20212,7,37,1
1877,20191,1,5,2
1878,20182,12,25,2
1879,20222,4,7,2
1880,20202,9,33,3
1881,20191,11,38,3
1882,20182,4,20,2
1883,20182,13,1,3
1884,20181,14,12,2
1885,20181,2,19,2
1886,20202,4,14,2
1887,20211,1,7,1
1888,20192,2,25,2
1889,20211,8,25,3
1890,20182,1,6,2
1891,20222,8,9,3
1892,20181,4,36,2
1893,20222,10,2,2
1894,20192,7,1,2
1895,20191,5,20,2
1896,20212,6,4,2
1897,20211,8,16,3
1898,20222,8,10,2
1899,20221,3,2,2
1900,20202,14,27,1
1901,20192,9,16,2
1902,20221,3,25,2
1903,20191,4,20,2
1904,20212,14,6,2
1905,20192,14,25,3
1906,20221,13,6,3
1907,20191,5,19,1
1908,20202,13,20,2
1909,20201,7,4,2
1910,20192,13,2,1
1911,20182,7,34,3
1912,20222,12,15,2
1913,20221,10,24,2
1914,20202,6,17,2
1915,20192,12,16,1
1916,20192,6,30,1
1917,20191,1,10,2
1918,20192,14,11,2
1919,20201,12,38,2
1920,20182,10,33,3
1921,20191,6,6,2
1922,20211,3,36,2
1923,20182,11,35,2
1924,20202,11,29,2
1925,20221,6,5,2
1926,20191,7,6,1
1927,20181,14,3,2
1928,20211,3,11,3
1929,20181,3,9,2
1930,20212,13,32,3
1931,20221,8,15,2
1932,20191,5,22,2
1933,20181,7,3,2
1934,20221,8,18,3
1935,20211,13,11,2
1936,20221,13,9,2
1937,20181,11,28,2
1938,20211,8,26,1
1939,20212,10,35,2
1940,20201,13,7,2
1941,20211,3,6,2
1942,20222,14,22,2
1943,20192,7,28,2
1944,20212,9,40,2
1945,20181,12,22,2
1946,20201,2,35,2
1947,20191,3,6,2
1948,20202,14,25,2
1949,20181,12,26,2
1950,20201,1,28,3
1951,20201,14,24,2
1952,20221,13,35,3
1953,20211,13,39,2
1954,20222,6,21,2
1955,20192,4,2,2
1956,20202,3,32,2
1957,20191,6,31,1
1958,20191,2,16,2
1959,20212,12,32,2
1960,20212,10,2,1
1961,20222,10,33,2
1962,20202,5,40,2
1963,20212,13,10,2
1964,20211,9,15,2
1965,20191,14,24,2
1966,20181,7,34,2
1967,20182,8,27,2
1968,20222,11,9,2
1969,20192,4,14,2
1970,20202,14,40,2
1971,20211,3,25,3
1972,20212,9,17,2
1973,20192,6,32,1
1974,20212,2,12,3
1975,20181,12,19,3
1976,20191,10,9,2
1977,20191,9,21,1
1978,20212,4,22,2
1979,20192,2,31,2
1980,20181,9,37,2
1981,20181,12,10,2
1982,20221,9,10,3
1983,20201,11,40,2
1984,20201,1,21,2
1985,20212,1,4,2
1986,20192,12,10,3
1987,20201,13,19,2
1988,20211,6,13,2
1989,20211,13,11,2
1990,20221,1,40,2
1991,20221,7,3,1
1992,20221,7,12,2
1993,20202,2,21,2
1994,20211,3,7,2
1995,20192,6,33,2
1996,20182,10,36,3
1997,20201,8,5,2
1998,20182,10,30,2
1999,20211,3,9,2
2000,20222,1,18,2
2001,20182,2,9,1
2002,20181,4,24,2
2003,20201,6,17,3
2004,20202,2,22,2
2005,20191,6,33,1
2006,20191,3,28,3
2007,20211,14,3,2
2008,20222,1,2,2
2009,20221,8,30,2
2010,20182,7,6,2
2011,20181,10,9,1
2012,20221,13,16,2
2013,20182,7,35,2
2014,20201,1,25,3
2015,20202,6,11,2
2016,20182,12,1,2
2017,20201,6,3,2
2018,20211,14,28,2
2019,20212,8,34,2
2020,20182,13,11,2
2021,20222,3,36,3
2022,20211,2,30,2
2023,20222,6,6,2
2024,20202,14,25,2
2025,20181,6,7,3
2026,20211,5,32,3
2027,20221,10,30,2
2028,20201,10,28,2
2029,20212,6,37,3
2030,20212,6,20,2
2031,20182,10,6,3
2032,20212,13,33,3
2033,20201,9,10,2
2034,20182,1,19,2
2035,20221,11,34,3
2036,20202,1,12,2
2037,20222,2,14,2
2038,20181,12,12,2
2039,20221,12,19,2
2040,20211,3,38,2
2041,20211,1,8,2
2042,20181,7,8,2
2043,20181,5,1,2
2044,20222,2,31,3
2045,20211,9,28,3
2046,20201,1,20,2
2047,20221,3,24,3
2048,20182,3,14,3
2049,20182,14,16,2
2050,20202,10,31,2
2051,20191,13,20,3
2052,20181,12,15,2
2053,20191,2,5,3
2054,20191,4,12,2
2055,20202,3,38,2
2056,20182,14,38,2
2057,20201,2,14,2
2058,20202,11,36,3
2059,20181,7,33,2
2060,20181,11,29,2
2061,20181,9,1,2
2062,20192,2,9,2
2063,20202,2,40,2
2064,20192,11,33,2
2065,20202,3,12,2
2066,20182,9,5,1
2067,20182,8,19,2
2068,20212,4,22,2
2069,20182,11,33,2
2070,20201,5,20,2
2071,20212,9,34,2
2072,20182,12,19,2
2073,20181,9,39,2
2074,20211,14,23,2
2075,20222,7,7,2
2076,20191,14,19,2
2077,20222,1,15,3
2078,20201,8,39,2
2079,20182,4,30,3
2080,20202,14,2,2
2081,20192,6,13,2
2082,20191,11,7,2
2083,20181,1,27,1
2084,20212,5,40,2
2085,20211,3,20,3
2086,20181,10,29,2
2087,20181,9,11,2
2088,20191,6,39,2
2089,20191,6,9,2
2090,20201,5,19,2
2091,20192,11,27,2
2092,20192,2,11,2
2093,20201,9,29,2
2094,20221,5,6,3
2095,20222,4,37,3
2096,20182,1,2,2
2097,20192,12,24,2
2098,20211,1,16,2
2099,20222,3,26,3
2100,20192,3,12,2
2101,20202,13,27,1
2102,20201,13,35,2
2103,20201,6,15,2
2104,20181,3,14,3
2105,20202,6,17,2
2106,20202,4,14,2
2107,20182,14,1,3
2108,20222,3,13,3
2109,20192,5,15,3
2110,20181,6,13,3
2111,20211,10,10,2
2112,20222,4,25,2
2113,20182,4,19,2
2114,20182,11,40,2
2115,20191,1,3,2
2116,20212,4,34,2
2117,20222,11,40,2
2118,20221,14,25,1
2119,20202,11,33,2
2120,20222,14,5,2
2121,20212,10,27,2
2122,20201,10,32,3
2123,20201,8,18,2
2124,20192,13,23,2
2125,20192,7,29,2
2126,20191,4,6,2
2127,20192,9,33,1
2128,20211,14,10,2
2129,20181,9,15,2
2130,20192,5,14,2
2131,20222,10,31,2
2132,20221,4,10,3
2133,20212,2,8,2
2134,20222,1,40,2
2135,20212,11,1,3
2136,20212,13,10,2
2137,20191,10,39,2
2138,20212,6,39,2
2139,20191,3,24,1
2140,20181,13,5,2
2141,20201,8,23,3
2142,20202,12,14,2
2143,20191,6,14,3
2144,20201,11,23,2
2145,20211,5,12,2
2146,20211,11,13,2
2147,20221,11,9,2
2148,20201,1,39,2
2149,20192,13,12,2
2150,20201,14,23,3
2151,20191,4,6,2
2152,20201,14,5,2
2153,20221,2,37,2
2154,20222,7,40,2
2155,20211,2,32,2
2156,20181,1,32,2
2157,20212,3,29,2
2158,20211,10,30,2
2159,20181,10,14,1
2160,20211,10,31,1
2161,20182,7,12,2
2162,20191,6,23,2
2163,20192,9,4,2
2164,20181,2,38,2
2165,20192,9,4,3
2166,20212,3,27,2
2167,20201,1,12,2
2168,20201,13,21,3
2169,20222,2,18,2
2170,20192,12,24,3
2171,20222,6,23,2
2172,20212,13,5,2
2173,20192,7,21,2
2174,20212,3,5,2
2175,20211,5,28,2
2176,20221,8,34,3
2177,20182,10,32,2
2178,20191,3,13,2
2179,20212,11,20,2
2180,20182,12,34,3
2181,20222,3,27,2
2182,20182,7,13,3
2183,20211,4,15,2
2184,20181,4,7,2
2185,20211,10,5,2
2186,20191,7,36,1
2187,20182,3,24,2
2188,20181,10,25,2
2189,20181,5,17,2
2190,20181,9,32,3
2191,20211,9,39,2
2192,20201,11,18,3
2193,20181,4,17,2
2194,20201,2,15,1
2195,20181,6,27,3
2196,20211,12,11,2
2197,20222,13,23,3
2198,20191,1,14,2
2199,20222,2,28,2
2200,20181,4,6,2
2201,20191,1,21,2
2202,20191,1,34,2
2203,20182,13,16,2
2204,20202,12,9,2
2205,20222,7,22,2
2206,20212,4,5,2
2207,20222,12,17,2
2208,20201,12,37,2
2209,20202,10,9,3
2210,20181,10,20,2
2211,20211,10,16,2
2212,20182,14,12,2
2213,20211,6,18,2
2214,20211,12,31,2
2215,20191,9,38,2
2216,20211,11,35,2
2217,20192,7,18,1
2218,20181,9,33,2
2219,20202,13,19,2
2220,20191,6,38,2
2221,20212,4,20,2
2222,20181,8,14,3
2223,20211,3,32,2
2224,20181,14,17,2
2225,20181,8,4,2
2226,20181,1,29,2
2227,20222,8,27,2
2228,20211,8,32,2
2229,20221,11,34,3
2230,20211,11,7,2
2231,20181,6,9,2
2232,20202,14,19,3
2233,20181,10,9,1
2234,20222,2,2,2
2235,20212,8,12,2
2236,20211,14,4,3
2237,20192,11,11,3
2238,20211,4,38,2
2239,20201,4,23,2
2240,20181,11,14,1
2241,20211,13,24,2
2242,20192,11,32,2
2243,20181,13,7,3
2244,20181,6,38,2
2245,20191,14,21,2
2246,20191,5,30,2
2247,20211,1,6,3
2248,20201,2,29,2
2249,20181,9,37,2
2250,20221,13,9,2
2251,20192,11,23,2
2252,20182,7,27,3
2253,20181,1,24,2
2254,20202,2,1,3
2255,20222,7,7,2
2256,20201,12,30,3
2257,20192,2,24,2
2258,20221,14,15,3
2259,20201,9,11,2
2260,20181,4,23,2
2261,20192,11,22,2
2262,20202,9,31,1
2263,20191,1,8,2
2264,20202,9,8,3
2265,20192,6,24,2
2266,20202,6,30,2
2267,20181,2,34,2
2268,20191,9,30,2
2269,20221,11,23,2
2270,20202,5,20,3
2271,20191,7,2,2
2272,20191,5,28,2
2273,20202,11,6,2
2274,20181,11,35,2
2275,20181,6,2,2
2276,20191,12,36,2
2277,20192,3,29,2
2278,20181,11,3,2
2279,20181,11,26,2
2280,20212,14,4,2
2281,20191,13,39,3
2282,20202,9,11,2
2283,20222,10,15,2
2284,20201,7,17,2
2285,20211,7,8,2
2286,20182,3,1,3
2287,20201,4,35,1
2288,20191,6,23,3
2289,20181,1,2,2
2290,20211,13,18,2
2291,20201,5,8,2
2292,20211,6,7,3
2293,20201,7,36,3
2294,20201,9,14,2
2295,20182,14,16,3
2296,20221,10,38,2
2297,20212,2,32,1
2298,20181,14,1,2
2299,20181,7,24,2
2300,20221,10,8,3
2301,20191,10,6,2
2302,20181,7,14,2
2303,20182,6,6,2
2304,20222,5,40,2
2305,20211,13,2,2
2306,20192,5,21,2
2307,20182,10,28,2
2308,20181,8,17,2
2309,20181,12,29,2
2310,20192,13,28,2
2311,20222,9,16,3
2312,20221,3,16,2
2313,20222,11,20,3
2314,20192,10,17,1
2315,20211,10,40,3
2316,20191,1,23,2
2317,20181,10,18,2
2318,20191,4,2,2
2319,20201,8,32,2
2320,20201,1,2,2
2321,20211,12,22,2
2322,20222,2,39,2
2323,20182,8,16,2
2324,20211,8,15,3
2325,20222,3,17,2
2326,20182,14,25,2
2327,20202,8,39,2
2328,20212,13,6,3
2329,20192,6,32,2
2330,20192,2,25,2
2331,20202,10,32,2
2332,20191,4,5,3
2333,20222,13,19,1
2334,20222,9,14,2
2335,20211,10,14,2
2336,20201,9,16,3
2337,20221,11,18,2
2338,20201,12,35,3
2339,20191,6,40,1
2340,20182,6,4,1
2341,20191,13,32,1
2342,20221,11,33,3
2343,20212,3,23,3
2344,20201,14,38,2
2345,20212,6,27,3
2346,20202,13,10,2
2347,20202,4,31,3
2348,20202,6,9,3
2349,20181,11,12,2
2350,20191,14,32,2
2351,20191,3,7,3
2352,20211,5,24,3
2353,20222,11,33,2
2354,20192,4,17,2
2355,20182,11,39,1
2356,20192,12,25,2
2357,20202,5,3,3
2358,20182,9,25,2
2359,20192,11,34,3
2360,20222,10,36,2
2361,20191,6,15,3
2362,20222,5,15,2
2363,20202,14,32,3
2364,20192,7,8,3
2365,20182,9,38,3
2366,20191,5,21,2
2367,20182,3,23,2
2368,20192,5,13,3
2369,20192,4,17,2
2370,20202,13,28,1
2371,20182,12,39,2
2372,20212,3,33,2
2373,20222,13,37,2
2374,20181,2,7,2
2375,20211,11,2,1
2376,20182,8,7,2
2377,20182,7,24,3
2378,20212,7,11,1
2379,20211,5,29,1
2380,20221,5,36,2
2381,20211,8,9,2
2382,20202,1,16,2
2383,20191,11,20,3
2384,20211,13,29,3
2385,20222,14,7,2
2386,20192,1,20,2
2387,20202,7,17,3
2388,20182,7,32,2
2389,20182,4,8,1
2390,20221,6,1,3
2391,20181,4,23,3
2392,20191,4,24,2
2393,20192,12,36,2
2394,20192,5,11,1
2395,20182,5,26,2
2396,20211,10,21,2
2397,20192,1,39,3
2398,20182,14,40,3
2399,20181,9,15,1
2400,20222,13,36,3
2401,20221,7,18,2
2402,20222,6,6,2
2403,20212,7,36,3
2404,20222,7,31,2
2405,20181,3,3,1
2406,20221,8,31,3
2407,20191,5,11,1
2408,20192,12,25,2
2409,20211,2,12,3
2410,20202,11,17,3
2411,20212,2,5,2
2412,20192,6,2,1
2413,20222,10,39,2
2414,20211,8,31,2
2415,20211,1,4,2
2416,20212,12,32,2
2417,20222,6,35,1
2418,20182,13,4,2
2419,20211,11,10,2
2420,20221,1,39,2
2421,20202,8,31,3
2422,20221,5,3,2
2423,20221,7,23,3
2424,20192,12,37,2
2425,20192,9,31,2
2426,20182,4,1,2
2427,20181,4,2,2
2428,20222,9,3,3
2429,20202,14,32,2
2430,20191,10,21,2
2431,20181,6,2,3
2432,20191,10,27,2
2433,20211,5,36,1
2434,20181,3,40,3
2435,20222,3,38,2
2436,20211,12,28,2
2437,20221,6,19,2
2438,20202,6,17,2
2439,20191,3,39,2
2440,20221,2,37,3
2441,20181,3,18,2
2442,20212,5,30,3
2443,20201,8,1,3
2444,20211,3,4,2
2445,20182,10,13,2
2446,20201,13,22,3
2447,20221,11,40,2
2448,20192,3,21,2
2449,20191,12,2,1
2450,20202,6,24,2
2451,20221,12,20,2
2452,20201,1,10,2
2453,20192,6,27,2
2454,20181,8,3,3
2455,20192,12,2,2
2456,20201,5,18,2
2457,20192,14,19,2
2458,20222,6,40,2
2459,20201,11,23,2
2460,20192,10,8,2
2461,20191,8,36,3
2462,20212,6,32,3
2463,20191,11,3,2
2464,20191,5,38,2
2465,20221,6,14,2
2466,20182,7,10,3
2467,20202,2,21,3
2468,20192,6,24,3
2469,20182,4,28,2
2470,20202,7,31,2
2471,20222,3,12,2
2472,20182,10,34,2
2473,20191,14,39,2
2474,20201,14,4,2
2475,20212,11,17,2
2476,20211,9,2,2
2477,20182,13,16,2
2478,20221,3,10,2
2479,20212,8,32,2
2480,20181,6,32,3
2481,20182,8,30,3
2482,20192,6,14,1
2483,20191,5,15,2
2484,20202,14,3,2
2485,20181,14,18,2
2486,20221,3,28,2
2487,20182,1,3,2
2488,20181,13,5,2
2489,20221,7,7,2
2490,20182,14,20,2
2491,20221,9,26,1
2492,20221,3,2,2
2493,20212,14,23,2
2494,20202,9,14,2
2495,20192,2,18,3
2496,20222,13,37,3
2497,20221,6,23,3
2498,20202,3,28,3
2499,20182,13,33,1
2500,20212,9,28,2
2501,20192,8,16,2
2502,20211,9,20,1
2503,20222,14,31,3
2504,20201,3,39,2
2505,20212,3,10,1
2506,20211,3,38,2
2507,20212,13,2,1
2508,20192,3,14,3
2509,20212,6,35,3
2510,20222,6,30,2
2511,20192,3,37,2
2512,20192,3,11,3
2513,20192,13,34,2
2514,20222,6,15,1
2515,20221,13,39,2
2516,20182,10,2,3
2517,20181,3,15,2
2518,20191,7,23,3
2519,20222,1,17,2
2520,20201,3,8,1
2521,20181,7,20,2
2522,20201,14,25,3
2523,20211,2,6,2
2524,20181,14,22,2
2525,20202,10,27,3
2526,20202,6,7,2
2527,20192,12,39,2
2528,20202,13,3,2
2529,20182,4,12,2
2530,20191,10,26,3
2531,20201,3,3,2
2532,20221,6,25,2
2533,20181,9,3,2
2534,20222,6,31,2
2535,20222,2,37,2
2536,20221,2,1,2
2537,20201,8,16,2
2538,20192,8,38,2
2539,20212,13,40,2
2540,20191,11,18,2
2541,20191,3,28,2
2542,20202,3,23,3
2543,20212,5,18,2
2544,20201,2,16,2
2545,20211,10,8,2
2546,20212,6,12,2
2547,20222,12,32,2
2548,20202,9,9,2
2549,20191,3,9,2
2550,20181,12,4,2
2551,20182,9,13,2
2552,20191,4,8,2
2553,20182,2,31,2
2554,20211,13,24,1
2555,20181,3,36,3
2556,20191,11,32,2
2557,20191,12,15,2
2558,20201,11,15,3
2559,20221,13,18,3
2560,20181,8,12,3
2561,20202,7,34,2
2562,20201,4,12,1
2563,20201,5,25,2
2564,20181,7,3,3
2565,20211,8,13,3
2566,20221,5,16,2
2567,20191,8,34,2
2568,20191,1,23,2
2569,20192,10,6,3
2570,20212,13,34,2
2571,20201,3,37,2
2572,20222,11,27,2
2573,20222,10,32,2
2574,20201,9,31,2
2575,20201,12,39,2
2576,20221,13,19,2
2577,20181,12,30,2
2578,20202,1,5,2
2579,20192,2,36,2
2580,20211,1,40,2
2581,20181,9,11,2
2582,20181,2,31,2
2583,20212,2,29,1
2584,20181,6,21,3
2585,20212,12,6,2
2586,20202,10,24,2
2587,20191,2,14,2
2588,20181,12,24,2
2589,20212,8,29,3
2590,20181,5,11,2
2591,20192,5,14,2
2592,20192,9,16,2
2593,20212,3,20,2
2594,20202,13,23,2
2595,20181,6,21,2
2596,20191,14,18,2
2597,20212,6,1,2
2598,20191,3,32,2
2599,20182,6,1,2
2600,20221,12,20,2
2601,20201,4,29,2
2602,20221,11,36,3
2603,20201,2,1,2
2604,20201,6,35,2
2605,20182,5,13,2
2606,20222,12,13,3
2607,20192,1,39,2
2608,20202,7,36,2
2609,20221,5,23,2
2610,20192,2,32,2
2611,20222,11,8,3
2612,20211,5,3,2
2613,20221,6,13,2
2614,20201,10,23,2
2615,20192,7,8,3
2616,20221,10,19,2
2617,20211,5,36,2
2618,20202,12,14,2
2619,20212,10,11,3
2620,20202,4,9,2
2621,20211,7,28,1
2622,20222,5,14,2
2623,20222,4,19,2
2624,20211,11,30,2
2625,20211,8,23,2
2626,20182,8,15,2
2627,20212,12,1,2
2628,20202,8,21,2
2629,20182,5,11,2
2630,20212,1,13,2
2631,20181,4,3,2
2632,20181,2,19,2
2633,20201,2,20,2
2634,20221,7,30,2
2635,20191,4,15,2
2636,20212,1,10,2
2637,20201,9,20,3
2638,20191,4,10,1
2639,20211,11,15,2
2640,20202,6,6,2
2641,20202,6,39,2
2642,20221,13,4,3
2643,20212,9,19,1
2644,20182,10,7,2
2645,20201,1,25,2
2646,20191,5,7,1
2647,20191,4,23,3
2648,20191,12,30,3
2649,20222,2,34,2
2650,20191,4,21,3
2651,20222,10,10,3
2652,20211,13,3,2
2653,20211,14,21,2
2654,20211,1,19,2
2655,20181,5,6,2
2656,20192,5,2,2
2657,20221,3,3,2
2658,20222,5,38,2
2659,20202,6,25,2
2660,20201,1,32,2
2661,20212,14,40,1
2662,20201,2,21,2
2663,20181,10,8,2
2664,20201,2,21,3
2665,20201,11,27,1
2666,20212,6,4,2
2667,20211,5,33,3
2668,20211,1,5,2
2669,20192,8,31,1
2670,20202,1,1,2
2671,20181,13,9,3
2672,20191,14,24,2
2673,20192,11,33,2
2674,20191,3,34,2
2675,20191,6,28,2
2676,20191,8,35,3
2677,20202,8,31,1
2678,20222,11,13,2
2679,20201,6,26,3
2680,20222,7,7,2
2681,20191,1,28,2
2682,20181,13,7,2
2683,20202,9,7,3
2684,20201,8,20,2
2685,20211,11,16,2
2686,20221,6,20,2
2687,20181,14,11,2
2688,20211,1,9,2
2689,20222,13,19,1
2690,20211,1,7,2
2691,20222,4,26,2
2692,20212,12,38,3
2693,20201,14,8,3
2694,20212,3,32,2
2695,20222,13,29,2
2696,20182,5,25,2
2697,20201,8,12,2
2698,20202,12,1,1
2699,20211,12,28,2
2700,20191,3,32,3
2701,20222,8,39,2
2702,20212,6,9,3
2703,20181,5,36,2
2704,20182,7,18,2
2705,20221,9,1,2
2706,20192,8,33,2
2707,20202,10,11,1
2708,20222,7,27,2
2709,20191,3,35,2
2710,20211,1,29,2
2711,20201,2,19,2
2712,20222,10,33,3
2713,20201,5,25,2
2714,20181,4,21,3
2715,20202,11,25,3
2716,20181,8,12,3
2717,20181,5,17,2
2718,20192,13,25,1
2719,20191,13,10,2
2720,20211,11,37,2
2721,20222,7,37,2
2722,20212,3,18,2
2723,20191,2,6,3
2724,20212,13,7,2
2725,20212,13,11,2
2726,20192,11,25,2
2727,20182,4,11,3
2728,20192,13,2,2
2729,20211,14,26,2
2730,20182,10,7,2
2731,20222,13,9,3
2732,20201,10,9,2
2733,20221,3,35,3
2734,20211,9,11,2
2735,20221,13,31,2
2736,20201,3,21,1
2737,20191,6,36,3
2738,20182,8,26,3
2739,20182,11,22,2
2740,20212,6,34,2
2741,20222,2,14,2
2742,20201,5,38,2
2743,20192,3,32,2
2744,20182,13,27,3
2745,20211,9,10,3
2746,20212,7,23,2
2747,20192,10,4,1
2748,20221,4,34,2
2749,20201,3,9,3
2750,20201,14,17,2
2751,20221,10,39,3
2752,20201,5,12,2
2753,20172,6,34,2
2754,20221,4,3,2
2755,20172,12,26,2
2756,20222,8,27,3
2757,20192,14,19,2
2758,20191,6,33,1
2759,20222,12,36,2
2760,20222,8,32,2
2761,20191,9,10,3
2762,20181,9,19,2
2763,20171,7,13,1
2764,20191,4,24,2
2765,20172,13,26,2
2766,20191,8,32,1
2767,20211,9,36,1
2768,20202,7,22,3
2769,20202,5,7,3
2770,20172,1,22,2
2771,20192,10,9,2
2772,20192,8,14,2
2773,20182,6,14,2
2774,20171,4,18,3
2775,20221,9,14,2
2776,20172,4,28,2
2777,20211,10,21,2
2778,20212,12,20,2
2779,20171,13,18,3
2780,20172,8,21,2
2781,20221,11,14,3
2782,20182,7,17,2
2783,20222,3,8,2
2784,20192,4,40,2
2785,20192,9,32,2
2786,20172,14,21,3
2787,20212,9,4,2
2788,20211,7,6,3
2789,20171,8,15,2
2790,20172,11,4,2
2791,20211,5,39,2
2792,20181,3,38,3
2793,20171,4,38,3
2794,20201,14,9,2
2795,20202,12,15,2
2796,20192,10,4,2
2797,20182,1,36,2
2798,20222,9,1,2
2799,20182,4,30,3
2800,20182,11,10,2
2801,20202,8,33,2
2802,20211,1,18,2
2803,20171,5,30,2
2804,20222,11,22,2
2805,20202,7,18,2
2806,20172,10,36,3
2807,20221,14,39,3
2808,20181,12,1,2
2809,20172,10,17,2
2810,20181,11,15,3
2811,20221,9,20,3
2812,20192,4,18,3
2813,20211,7,13,2
2814,20172,3,15,2
2815,20201,11,5,2
2816,20191,5,36,2
2817,20192,13,39,2
2818,20221,10,8,3
2819,20221,8,34,2
2820,20221,8,7,2
2821,20182,7,39,3
2822,20212,7,29,1
2823,20212,11,34,3
2824,20191,2,26,2
2825,20192,12,24,2
2826,20221,8,1,3
2827,20202,5,30,2
2828,20212,2,13,3
2829,20192,11,11,2
2830,20191,8,17,2
2831,20191,11,9,2
2832,20212,13,27,2
2833,20181,14,20,3
2834,20202,9,19,2
2835,20182,7,13,2
2836,20192,1,12,2
2837,20191,2,34,2
2838,20201,7,9,3
2839,20201,3,28,2
2840,20212,12,7,2
2841,20172,1,28,2
2842,20182,2,7,2
2843,20181,8,40,3
2844,20191,6,18,2
2845,20212,14,18,2
2846,20202,14,27,1
2847,20191,2,21,2
2848,20192,10,18,2
2849,20192,4,30,2
2850,20201,6,35,2
2851,20212,3,18,2
2852,20211,5,21,2
2853,20172,9,34,2
2854,20221,9,21,2
2855,20192,7,8,2
2856,20172,7,11,2
2857,20222,10,22,2
2858,20211,8,11,2
2859,20191,7,38,2
2860,20212,5,37,3
2861,20222,4,36,3
2862,20201,1,33,2
2863,20221,2,25,3
2864,20221,11,10,2
2865,20202,3,25,2
2866,20191,3,11,2
2867,20211,9,36,2
2868,20172,6,10,2
2869,20191,1,17,2
2870,20171,4,33,2
2871,20182,14,20,2
2872,20202,5,31,2
2873,20171,14,4,2
2874,20221,10,4,1
2875,20191,6,7,2
2876,20222,8,36,3
2877,20171,9,28,3
2878,20171,7,14,3
2879,20191,9,17,2
2880,20222,3,40,2
2881,20202,12,39,2
2882,20192,3,9,2
2883,20202,11,23,2
2884,20222,6,16,2
2885,20192,5,35,2
2886,20182,2,27,3
2887,20221,13,12,2
2888,20211,14,36,3
2889,20201,11,20,3
2890,20221,1,36,2
2891,20191,3,33,2
2892,20211,7,24,2
2893,20171,1,15,2
2894,20181,4,32,2
2895,20172,8,23,2
2896,20192,8,23,2
2897,20202,3,8,3
2898,20181,4,10,2
2899,20201,9,2,2
2900,20182,6,23,2
2901,20182,2,30,2
2902,20181,3,26,2
2903,20182,10,21,2
2904,20201,13,32,2
2905,20191,6,3,2
2906,20171,8,39,2
2907,20182,6,3,2
2908,20191,14,35,2
2909,20202,8,7,2
2910,20181,7,24,2
2911,20221,4,21,2
2912,20222,9,34,2
2913,20171,1,1,3
2914,20191,6,4,3
2915,20181,1,32,3
2916,20212,11,21,3
2917,20202,14,18,2
2918,20181,4,5,2
2919,20211,10,39,2
2920,20191,13,12,3
2921,20222,3,10,2
2922,20211,10,12,2
2923,20171,4,34,2
2924,20202,6,5,3
2925,20212,8,5,3
2926,20202,11,21,3
2927,20171,13,23,2
2928,20212,5,30,2
2929,20182,10,22,2
2930,20192,4,19,2
2931,20221,9,6,2
2932,20212,13,38,2
2933,20211,3,8,2
2934,20222,2,34,3
2935,20201,10,34,1
2936,20171,5,30,3
2937,20221,3,34,2
2938,20201,11,6,1
2939,20222,9,37,1
2940,20171,3,1,3
2941,20202,2,4,1
2942,20191,6,14,3
2943,20172,14,39,2
2944,20201,1,22,3
2945,20202,9,2,2
2946,20202,9,18,2
2947,20172,5,25,3
2948,20171,14,20,2
2949,20221,14,15,2
2950,20171,3,23,3
2951,20201,8,6,3
2952,20191,8,11,2
2953,20191,1,40,2
2954,20171,3,37,2
2955,20191,12,14,3
2956,20191,7,39,2
2957,20192,4,36,2
2958,20211,4,31,3
2959,20211,4,12,3
2960,20222,9,2,2
2961,20192,14,20,2
2962,20212,1,14,2
2963,20212,14,29,1
2964,20201,6,7,2
2965,20221,11,34,2
2966,20192,9,39,2
2967,20212,1,24,3
2968,20202,14,23,1
2969,20172,3,39,3
2970,20222,1,20,3
2971,20192,1,23,2
2972,20182,5,5,2
2973,20171,8,13,2
2974,20191,6,39,3
2975,20212,10,10,2
2976,20181,1,2,2
2977,20192,7,33,2
2978,20182,2,25,2
2979,20181,14,24,2
2980,20221,13,29,2
2981,20202,9,27,2
2982,20212,3,12,2
2983,20182,10,18,3
2984,20202,7,13,3
2985,20171,13,38,3
2986,20222,6,31,3
2987,20202,1,24,3
2988,20181,6,5,2
2989,20221,4,3,2
2990,20201,3,14,2
2991,20181,2,32,2
2992,20191,14,32,2
2993,20212,2,10,2
2994,20222,14,39,2
2995,20211,13,6,2
2996,20211,13,4,2
2997,20192,5,19,2
2998,20182,11,8,3
2999,20172,14,33,2
3000,20171,13,17,2
3001,20201,12,40,1
3002,20181,5,30,2
3003,20211,13,28,2
3004,20181,10,20,2
3005,20201,2,16,2
3006,20181,12,1,2
3007,20222,1,37,3
3008,20171,13,18,2
3009,20221,7,4,2
3010,20222,10,39,2
3011,20181,2,15,2
3012,20211,3,7,3
3013,20211,14,7,2
3014,20202,3,27,1
3015,20172,13,16,1
3016,20211,5,4,2
3017,20181,2,36,2
3018,20202,12,15,3
3019,20181,13,30,2
3020,20221,5,5,2
3021,20222,11,7,2
3022,20182,1,27,2
3023,20222,7,5,2
3024,20181,14,23,3
3025,20202,14,17,1
3026,20202,6,35,2
3027,20171,10,25,2
3028,20212,2,27,2
3029,20172,11,31,3
3030,20222,3,28,3
3031,20222,3,16,2
3032,20221,13,14,1
3033,20201,8,37,2
3034,20181,5,29,2
3035,20211,13,11,2
3036,20171,13,31,3
3037,20192,11,23,2
3038,20202,11,11,2
3039,20222,5,13,3
3040,20221,6,6,3
3041,20221,12,36,2
3042,20171,14,31,2
3043,20222,13,25,2
3044,20222,12,6,2
3045,20222,5,8,2
3046,20212,12,38,2
3047,20212,5,35,2
3048,20212,13,9,2
3049,20201,8,36,2
3050,20202,1,26,2
3051,20192,5,28,2
3052,20201,14,19,2
3053,20182,9,2,2
3054,20212,10,34,2
3055,20221,13,34,1
3056,20171,11,25,2
3057,20192,6,17,2
3058,20212,9,19,2
3059,20212,1,3,1
3060,20182,2,5,2
3061,20181,8,20,2
3062,20172,13,29,2
3063,20171,11,39,2
3064,20221,8,15,2
3065,20202,14,2,3
3066,20181,10,26,2
3067,20211,6,30,1
3068,20192,9,32,2
3069,20212,10,33,2
3070,20172,7,31,2
3071,20221,13,40,2
3072,20222,1,5,2
3073,20202,6,32,3
3074,20202,10,16,2
3075,20182,2,11,2
3076,20192,13,4,3
3077,20211,12,29,2
3078,20222,2,6,3
3079,20181,13,34,2
3080,20191,14,18,2
3081,20202,11,37,2
3082,20201,14,31,2
3083,20221,2,3,2
3084,20191,11,40,2
3085,20221,13,10,2
3086,20171,14,19,1
3087,20191,2,27,2
3088,20202,14,1,2
3089,20191,13,20,2
3090,20192,2,28,3
3091,20191,13,37,2
3092,20191,7,17,1
3093,20211,3,1,2
3094,20211,10,11,2
3095,20221,2,16,2
3096,20221,10,16,2
3097,20192,3,26,1
3098,20192,12,13,3
3099,20182,7,11,3
3100,20182,12,7,2
3101,20221,2,30,2
3102,20212,4,5,2
3103,20181,2,19,3
3104,20212,1,29,3
3105,20222,9,20,2
3106,20181,1,18,2
3107,20201,7,7,1
3108,20171,2,19,3
3109,20171,5,37,3
3110,20211,12,22,2
3111,20221,13,31,2
3112,20181,9,4,3
3113,20222,13,15,3
3114,20172,4,24,3
3115,20171,11,36,2
3116,20211,11,15,2
3117,20182,8,37,3
3118,20182,10,30,2
3119,20192,11,30,2
3120,20211,7,6,1
3121,20211,9,17,2
3122,20182,12,10,2
3123,20202,14,37,2
3124,20181,2,17,2
3125,20212,7,23,2
3126,20182,2,25,2
3127,20201,13,28,2
3128,20211,9,3,2
3129,20171,13,20,2
3130,20191,6,28,3
3131,20191,4,6,2
3132,20172,7,23,2
3133,20211,3,4,2
3134,20181,11,1,2
3135,20192,7,35,3
3136,20211,8,34,2
3137,20181,13,5,2
3138,20171,2,15,2
3139,20192,6,19,2
3140,20202,12,15,3
3141,20192,3,17,2
3142,20191,11,35,3
3143,20172,11,27,3
3144,20222,5,33,3
3145,20181,5,2,2
3146,20221,7,2,2
3147,20192,12,25,2
3148,20171,14,2,2
3149,20221,3,15,2
3150,20222,1,10,2
3151,20201,10,17,2
3152,20171,6,34,2
3153,20171,14,12,2
3154,20211,3,7,3
3155,20191,5,1,2
3156,20171,4,29,3
3157,20222,6,38,3
3158,20222,11,23,1
3159,20212,6,40,2
3160,20212,6,20,1
3161,20192,6,37,2
3162,20201,1,36,2
3163,20182,13,38,2
3164,20192,13,6,2
3165,20192,11,5,2
3166,20171,1,11,3
3167,20222,3,16,2
3168,20181,11,13,2
3169,20181,13,3,2
3170,20202,1,13,3
3171,20221,3,19,2
3172,20171,13,27,2
3173,20172,12,19,3
3174,20201,10,40,2
3175,20222,2,6,2
3176,20182,6,22,1
3177,20181,1,39,1
3178,20212,11,39,3
3179,20222,7,23,3
3180,20212,11,25,2
3181,20202,4,18,2
3182,20201,3,18,2
3183,20181,1,11,2
3184,20221,2,3,2
3185,20192,3,4,2
3186,20211,10,31,3
3187,20181,6,26,3
3188,20192,3,5,2
3189,20202,8,34,2
3190,20212,2,11,2
3191,20221,4,35,2
3192,20202,8,33,3
3193,20211,11,36,1
3194,20182,12,36,2
3195,20182,7,26,2
3196,20222,5,25,2
3197,20211,14,36,3
3198,20201,9,38,2
3199,20172,14,20,2
3200,20182,8,4,3
3201,20202,1,18,2
3202,20222,6,18,3
3203,20202,2,36,2
3204,20202,2,9,2
3205,20172,10,27,2
3206,20171,11,27,2
3207,20201,4,9,2
3208,20192,5,2,3
3209,20202,6,5,2
3210,20201,2,2,2
3211,20172,12,21,2
3212,20182,14,21,1
3213,20211,6,23,2
3214,20221,10,33,2
3215,20201,1,36,3
3216,20181,5,6,2
3217,20221,1,18,3
3218,20192,4,6,2
3219,20181,7,39,2
3220,20212,3,1,2
3221,20182,14,7,2
3222,20172,9,25,2
3223,20222,11,21,1
3224,20171,7,2,2
3225,20192,3,3,2
3226,20191,12,36,2
3227,20171,7,32,3
3228,20172,1,1,3
3229,20191,12,15,2
3230,20192,10,39,2
3231,20191,5,11,3
3232,20211,7,38,2
3233,20211,5,10,2
3234,20222,1,13,2
3235,20211,3,11,2
3236,20182,9,1,2
3237,20212,4,18,2
3238,20191,12,38,2
3239,20211,8,18,2
3240,20181,10,17,2
3241,20192,6,30,2
3242,20211,7,39,2
3243,20171,1,16,2
3244,20221,2,3,2
3245,20192,3,20,1
3246,20192,11,19,2
3247,20172,7,16,2
3248,20211,3,27,2
3249,20172,12,24,2
3250,20211,9,22,3
3251,20202,7,39,2
3252,20191,9,19,3
3253,20212,8,3,2
3254,20221,6,4,2
3255,20171,13,9,2
3256,20211,3,30,2
3257,20212,14,35,3
3258,20181,11,29,3
3259,20181,6,5,2
3260,20191,14,33,2
3261,20221,12,12,2
3262,20211,2,24,2
3263,20192,3,24,2
3264,20192,4,8,2
3265,20201,7,13,2
3266,20192,2,20,2
3267,20221,5,13,2
3268,20171,8,29,2
3269,20191,4,39,1
3270,20172,5,34,2
3271,20201,10,33,2
3272,20182,12,21,1
3273,20182,1,6,1
3274,20192,11,20,3
3275,20191,10,34,3
3276,20202,12,35,1
3277,20182,9,6,2
3278,20191,12,36,2
3279,20181,9,22,2
3280,20171,6,3,2
3281,20221,1,5,2
3282,20202,2,7,2
3283,20221,10,23,3
3284,20171,8,4,2
3285,20221,12,31,2
3286,20211,12,32,3
3287,20212,10,11,2
3288,20191,13,38,1
3289,20212,7,21,2
3290,20172,14,19,2
3291,20212,5,35,2
3292,20192,12,2,2
3293,20192,5,5,2
3294,20171,4,14,2
3295,20202,2,37,3
3296,20171,5,3,3
3297,20222,11,19,2
3298,20211,4,17,2
3299,20182,1,4,2
3300,20202,9,38,2
3301,20182,7,23,2
3302,20192,14,15,2
3303,20201,5,15,2
3304,20222,7,22,2
3305,20212,4,21,2
3306,20202,1,34,2
3307,20182,11,37,2
3308,20171,4,1,3
3309,20202,9,31,3
3310,20192,6,18,3
3311,20171,5,11,2
3312,20212,14,16,2
3313,20212,6,31,2
3314,20212,4,17,3
3315,20211,11,16,2
3316,20212,2,29,2
3317,20212,8,21,2
3318,20201,8,4,2
3319,20181,4,10,2
3320,20192,7,2,3
3321,20211,9,8,2
3322,20182,8,17,3
3323,20202,10,36,2
3324,20212,13,7,2
3325,20182,6,37,2
3326,20181,7,13,2
3327,20201,5,20,3
3328,20191,9,1,2
3329,20172,4,23,2
3330,20182,3,17,3
3331,20222,14,24,2
3332,20222,7,39,2
3333,20221,2,19,1
3334,20182,14,35,3
3335,20172,13,7,3
3336,20181,9,33,3
3337,20222,12,22,3
3338,20191,10,40,2
3339,20182,3,31,2
3340,20171,11,14,2
3341,20211,10,25,2
3342,20171,4,11,2
3343,20211,14,3,2
3344,20201,12,28,2
3345,20181,4,38,2
3346,20192,1,23,2
3347,20222,7,22,3
3348,20171,12,37,2
3349,20202,10,16,2
3350,20191,9,24,2
3351,20211,14,24,2
3352,20201,12,33,2
3353,20172,11,8,2
3354,20191,6,39,2
3355,20171,3,32,1
3356,20211,11,17,2
3357,20171,11,9,1
3358,20212,6,15,3
3359,20191,8,34,3
3360,20192,5,10,2
3361,20172,8,17,2
3362,20172,10,20,3
3363,20222,1,8,3
3364,20191,9,7,3
3365,20212,5,14,2
3366,20192,9,26,2
3367,20182,1,8,2
3368,20222,2,24,2
3369,20222,2,27,2
3370,20202,8,9,1
3371,20211,6,2,2
3372,20171,6,35,2
3373,20202,5,8,2
3374,20221,9,25,3
3375,20211,4,16,2
3376,20222,11,32,2
3377,20171,2,7,2
3378,20201,12,6,3
3379,20172,7,8,2
3380,20211,12,8,2
3381,20201,6,28,2
3382,20212,11,2,2
3383,20191,11,37,2
3384,20202,1,24,2
3385,20221,10,28,2
3386,20221,2,39,2
3387,20222,7,12,3
3388,20191,9,24,2
3389,20181,10,36,2
3390,20201,13,29,3
3391,20201,1,9,3
3392,20201,8,36,2
3393,20201,12,10,2
3394,20202,6,30,2
3395,20181,12,10,2
3396,20211,3,31,2
3397,20182,5,13,2
3398,20211,1,5,2
3399,20201,10,11,2
3400,20191,3,5,3
3401,20192,5,2,2
3402,20212,3,23,2
3403,20202,10,22,2
3404,20181,2,1,2
3405,20222,5,26,2
3406,20172,2,1,2
3407,20182,9,35,3
3408,20201,2,24,2
3409,20171,10,29,2
3410,20182,11,11,2
3411,20192,10,13,2
3412,20202,8,1,3
3413,20181,4,21,2
3414,20202,5,12,2
3415,20172,3,18,1
3416,20181,6,28,2
3417,20212,11,14,3
3418,20181,7,24,2
3419,20181,7,8,2
3420,20191,2,20,2
3421,20191,2,33,3
3422,20222,12,11,2
3423,20191,7,24,2
3424,20201,8,39,2
3425,20222,9,18,3
3426,20192,3,7,2
3427,20172,3,23,3
3428,20192,5,36,1
3429,20222,2,34,2
3430,20211,7,32,2
3431,20191,9,22,3
3432,20211,3,9,2
3433,20172,8,16,3
3434,20181,12,16,3
3435,20201,10,8,3
3436,20181,7,38,2
3437,20221,4,36,2
3438,20191,7,2,2
3439,20182,11,16,2
3440,20171,3,28,3
3441,20182,12,29,2
3442,20182,2,19,3
3443,20191,11,29,2
3444,20172,2,16,2
3445,20192,12,30,2
3446,20172,11,31,3
3447,20191,14,39,2
3448,20191,12,29,2
3449,20201,13,36,1
3450,20222,5,13,2
3451,20201,13,12,2
3452,20191,10,4,3
3453,20221,8,32,2
3454,20191,12,22,2
3455,20211,13,33,3
3456,20212,3,12,2
3457,20201,8,29,2
3458,20211,1,34,2
3459,20201,14,7,2
3460,20191,7,33,2
3461,20181,7,28,2
3462,20172,10,5,1
3463,20191,8,5,2
3464,20192,3,38,2
3465,20221,9,17,3
3466,20172,3,38,2
3467,20171,1,11,3
3468,20212,2,21,2
3469,20191,10,4,2
3470,20181,4,38,3
3471,20191,7,6,3
3472,20201,9,2,2
3473,20211,2,1,2
3474,20191,7,24,2
3475,20191,9,14,3
3476,20181,3,15,2
3477,20171,11,6,1
3478,20201,9,24,3
3479,20222,9,38,3
3480,20211,5,8,2
3481,20191,13,4,2
3482,20211,3,21,1
3483,20181,6,36,2
3484,20211,1,38,2
3485,20202,3,37,2
3486,20192,1,5,2
3487,20191,1,17,2
3488,20171,5,11,2
3489,20182,10,31,2
3490,20171,3,40,2
3491,20201,7,16,2
3492,20171,12,14,2
3493,20222,3,19,3
3494,20191,14,27,2
3495,20191,1,4,2
3496,20212,4,30,3
3497,20212,8,28,3
3498,20181,13,19,2
3499,20221,4,36,2
3500,20192,8,6,2
3501,20171,6,11,2
3502,20201,9,34,2
3503,20201,3,29,2
3504,20192,4,20,2
3505,20202,7,16,2
3506,20201,10,37,3
3507,20191,5,19,2
3508,20221,5,37,2
3509,20221,14,27,3
3510,20222,7,11,2
3511,20192,6,8,2
3512,20222,3,28,2
3513,20172,6,22,3
3514,20171,6,18,2
3515,20191,2,10,2
3516,20191,10,22,2
3517,20171,10,30,2
3518,20222,14,6,3
3519,20211,3,11,2
3520,20182,13,13,3
3521,20182,5,38,2
3522,20191,12,20,2
3523,20172,5,15,1
3524,20221,1,33,1
3525,20212,4,20,1
3526,20182,12,33,2
3527,20202,3,32,3
3528,20212,6,15,2
3529,20182,3,10,2
3530,20191,13,28,2
3531,20192,10,27,2
3532,20182,14,26,2
3533,20201,2,4,3
3534,20192,12,19,2
3535,20211,2,11,2
3536,20222,5,18,2
3537,20221,14,34,3
3538,20202,12,13,2
3539,20182,10,27,2
3540,20212,6,10,2
3541,20202,14,7,3
3542,20222,2,21,3
3543,20202,2,17,2
3544,20212,7,16,3
3545,20222,1,20,1
3546,20201,4,40,3
3547,20192,5,1,3
3548,20182,1,2,1
3549,20182,5,38,2
3550,20221,12,11,2
3551,20222,3,21,1
3552,20222,13,2,2
3553,20192,14,32,3
3554,20191,13,34,2
3555,20192,14,1,3
3556,20201,5,33,2
3557,20191,4,37,2
3558,20171,1,39,2
3559,20192,10,8,1
3560,20171,11,5,3
3561,20201,12,38,2
3562,20182,3,9,3
3563,20212,12,5,3
3564,20181,14,39,2
3565,20191,4,39,2
3566,20202,8,40,2
3567,20172,13,3,2
3568,20171,11,16,1
3569,20192,10,12,2
3570,20212,10,12,3
3571,20202,2,23,2
3572,20221,9,3,2
3573,20222,5,28,2
3574,20201,12,28,2
3575,20172,10,39,3
3576,20182,10,5,2
3577,20171,5,39,2
3578,20212,10,39,2
3579,20181,10,15,2
3580,20201,7,23,1
3581,20201,4,24,1
3582,20182,13,35,2
3583,20172,13,25,2
3584,20212,12,26,2
3585,20192,11,24,3
3586,20222,7,32,2
3587,20191,8,20,2
3588,20192,2,13,1
3589,20201,9,14,2
3590,20212,13,32,2
3591,20181,8,20,2
3592,20192,11,9,2
3593,20212,1,40,2
3594,20171,13,6,2
3595,20212,10,17,2
3596,20191,7,3,3
3597,20201,7,1,2
3598,20191,13,29,2
3599,20172,1,3,2
3600,20191,8,11,3
3601,20181,4,11,2
3602,20222,12,28,1
3603,20191,1,38,2
3604,20211,9,4,2
3605,20212,8,27,1
3606,20201,3,20,1
3607,20172,14,5,3
3608,20202,9,13,2
3609,20222,7,5,2
3610,20172,1,24,2
3611,20171,4,4,2
3612,20181,11,31,2
3613,20172,3,34,3
3614,20221,7,23,2
3615,20171,11,35,2
3616,20222,6,19,2
3617,20201,2,34,3
3618,20211,7,24,2
3619,20221,5,23,3
3620,20201,8,3,2
3621,20182,10,32,3
3622,20222,9,17,2
3623,20212,13,22,3
3624,20182,10,40,2
3625,20201,4,1,2
3626,20171,13,35,2
3627,20211,13,19,2
3628,20171,3,25,3
3629,20172,3,27,3
3630,20192,9,33,3
3631,20191,2,19,2
3632,20181,12,20,1
3633,20221,12,24,2
3634,20171,10,2,2
3635,20172,13,20,2
3636,20201,14,8,2
3637,20212,14,5,1
3638,20172,11,34,2
3639,20201,10,25,3
3640,20202,5,37,2
3641,20191,2,2,2
3642,20211,12,28,2
3643,20202,3,19,3
3644,20192,1,35,2
3645,20202,6,2,2
3646,20202,11,17,3
3647,20211,8,21,2
3648,20221,10,37,2
3649,20222,7,35,3
3650,20172,5,3,2
3651,20171,14,35,2
3652,20171,14,3,2
3653,20182,6,34,2
3654,20181,4,28,1
3655,20191,7,25,3
3656,20221,7,15,2
3657,20191,2,1,3
3658,20221,2,18,2
3659,20191,14,12,1
3660,20221,11,15,3
3661,20212,14,31,2
3662,20192,6,38,2
3663,20192,10,24,2
3664,20182,11,9,2
3665,20172,12,1,2
3666,20191,11,4,2
3667,20182,1,37,2
3668,20182,9,19,2
3669,20202,6,32,2
3670,20222,3,11,2
3671,20201,8,39,3
3672,20202,1,25,2
3673,20212,3,25,2
3674,20172,14,25,2
3675,20172,10,2,2
3676,20222,3,33,2
3677,20181,9,25,2
3678,20172,3,26,2
3679,20192,2,38,2
3680,20182,4,7,2
3681,20181,12,26,2
3682,20222,1,36,1
3683,20181,1,3,1
3684,20181,10,11,1
3685,20182,4,7,2
3686,20172,7,33,2
3687,20172,4,23,2
3688,20212,1,31,1
3689,20212,13,14,2
3690,20182,5,36,3
3691,20201,7,16,2
3692,20181,7,28,2
3693,20181,11,18,2
3694,20191,12,27,2
3695,20211,1,15,3
3696,20182,10,4,2
3697,20182,3,13,3
3698,20181,2,8,2
3699,20192,4,10,2
3700,20191,6,13,2
3701,20211,7,30,2
3702,20191,6,25,3
3703,20201,1,40,2
3704,20172,14,16,2
3705,20202,11,5,3
3706,20222,4,27,2
3707,20171,3,36,3
3708,20202,1,4,2
3709,20202,1,25,2
3710,20192,12,11,2
3711,20191,10,1,2
3712,20171,6,22,2
3713,20221,10,7,2
3714,20212,6,6,2
3715,20191,12,24,3
3716,20192,9,13,3
3717,20171,2,29,2
3718,20201,8,31,1
3719,20172,13,35,2
3720,20171,1,10,2
3721,20222,14,29,2
3722,20202,10,17,2
3723,20212,2,26,2
3724,20172,6,30,2
3725,20192,5,29,2
3726,20201,11,10,2
3727,20202,7,34,2
3728,20172,6,7,2
3729,20181,2,21,2
3730,20191,1,19,2
3731,20171,11,40,2
3732,20201,2,21,2
3733,20221,9,36,3
3734,20221,14,25,2
3735,20221,13,25,2
3736,20171,1,28,2
3737,20222,14,28,1
3738,20202,2,8,2
3739,20211,3,9,3
3740,20221,5,21,2
3741,20172,10,11,2
3742,20202,10,7,3
3743,20181,14,35,2
3744,20212,7,3,2
3745,20181,5,20,3
3746,20181,9,22,2
3747,20181,14,24,3
3748,20172,10,11,2
3749,20171,5,29,1
3750,20171,5,7,3
3751,20211,7,31,2
3752,20171,8,35,2
3753,20182,11,5,2
3754,20171,10,30,2
3755,20191,14,14,1
3756,20181,12,27,2
3757,20172,7,19,2
3758,20182,8,32,2
3759,20222,13,38,2
3760,20202,4,40,2
3761,20181,2,29,2
3762,20211,14,19,2
3763,20221,14,40,2
3764,20222,9,37,2
3765,20172,8,16,3
3766,20212,11,4,3
3767,20191,12,8,2
3768,20181,12,11,3
3769,20212,4,33,2
3770,20201,10,24,2
3771,20221,10,24,3
3772,20202,1,31,3
3773,20211,4,26,2
3774,20172,1,7,3
3775,20172,1,9,3
3776,20212,14,28,2
3777,20202,7,10,2
3778,20211,8,6,2
3779,20171,9,31,1
3780,20221,4,18,2
3781,20181,10,40,3
3782,20212,8,21,3
3783,20211,10,26,2
3784,20191,12,11,2
3785,20211,7,35,2
3786,20191,1,10,2
3787,20181,11,18,2
3788,20201,13,8,2
3789,20182,12,6,2
3790,20181,9,17,2
3791,20181,6,18,3
3792,20202,6,15,3
3793,20212,7,37,2
3794,20212,3,24,2
3795,20211,2,5,2
3796,20211,9,1,2
3797,20202,13,8,3
3798,20202,13,19,2
3799,20222,5,13,2
3800,20221,14,8,3
3801,20181,11,15,3
3802,20171,11,7,2
3803,20222,3,29,2
3804,20172,5,31,1
3805,20221,3,24,2
3806,20171,12,26,2
3807,20191,14,39,3
3808,20171,7,31,2
3809,20182,12,3,3
3810,20182,2,39,3
3811,20201,5,19,2
3812,20182,11,17,2
3813,20201,4,40,2
3814,20211,5,2,2
3815,20181,2,21,1
3816,20212,14,39,3
3817,20202,9,29,2
3818,20221,1,21,2
3819,20221,5,22,2
3820,20191,8,12,2
3821,20171,8,14,3
3822,20211,4,24,2
3823,20172,13,20,2
3824,20221,5,37,2
3825,20211,2,18,2
3826,20172,11,26,2
3827,20212,14,39,2
3828,20181,13,14,2
3829,20191,2,21,2
3830,20211,11,23,2
3831,20182,14,18,2
3832,20182,10,39,2
3833,20191,14,28,2
3834,20182,5,28,2
3835,20171,14,1,2
3836,20182,2,34,3
3837,20171,14,30,2
3838,20222,11,20,2
3839,20182,10,17,1
3840,20202,5,36,2
3841,20212,2,33,2
3842,20181,9,27,2
3843,20172,6,26,2
3844,20172,4,9,2
3845,20171,3,11,1
3846,20201,2,27,2
3847,20202,14,23,3
3848,20182,1,15,2
3849,20222,8,9,2
3850,20191,9,37,2
3851,20172,9,36,2
3852,20191,8,1,2
3853,20171,10,17,2
3854,20212,12,4,1
3855,20212,5,35,3
3856,20221,1,8,3
3857,20172,2,3,3
3858,20192,8,19,2
3859,20221,2,38,3
3860,20191,13,25,1
3861,20191,14,10,2
3862,20201,13,36,2
3863,20202,12,3,2
3864,20221,8,12,2
3865,20192,7,40,2
3866,20212,14,12,2
3867,20171,8,6,2
3868,20191,1,31,2
3869,20222,5,35,2
3870,20211,1,8,2
3871,20171,2,34,1
3872,20191,5,10,2
3873,20221,11,28,2
3874,20192,8,7,2
3875,20191,13,28,2
3876,20201,5,1,2
3877,20202,11,39,3
3878,20191,6,22,2
3879,20212,10,19,2
3880,20212,11,25,2
3881,20192,7,37,2
3882,20181,13,13,2
3883,20221,1,16,2
3884,20212,5,27,2
3885,20182,3,37,2
3886,20221,11,11,3
3887,20211,2,31,2
3888,20212,14,29,3
3889,20181,6,25,3
3890,20191,1,13,2
3891,20222,5,7,2
3892,20171,12,7,2
3893,20191,1,3,2
3894,20182,13,12,2
3895,20192,4,34,2
3896,20221,1,4,2
3897,20172,10,1,2
3898,20221,4,36,2
3899,20201,2,39,2
3900,20181,3,4,2
3901,20172,2,22,3
3902,20192,14,21,2
3903,20221,4,20,3
3904,20182,14,37,2
3905,20181,5,23,2
3906,20181,5,24,2
3907,20212,12,37,2
3908,20212,14,33,1
3909,20201,6,33,2
3910,20181,1,39,2
3911,20182,14,14,3
3912,20221,9,13,3
3913,20172,10,12,2
3914,20211,7,7,2
3915,20172,3,6,3
3916,20191,6,12,2
3917,20212,5,39,2
3918,20171,5,26,3
3919,20201,7,13,1
3920,20191,8,14,2
3921,20202,2,13,2
3922,20191,6,8,2
3923,20171,5,17,3
3924,20171,9,6,2
3925,20182,14,17,3
3926,20181,8,27,2
3927,20191,11,38,2
3928,20222,2,30,1
3929,20172,2,38,2
3930,20192,4,5,3
3931,20191,7,19,2
3932,20171,10,9,2
3933,20221,14,2,2
3934,20211,6,24,3
3935,20172,7,18,1
3936,20182,14,12,2
3937,20191,12,32,2
3938,20181,7,17,2
3939,20222,12,40,3
3940,20192,11,25,2
3941,20221,1,38,2
3942,20171,11,11,2
3943,20191,7,37,2
3944,20172,8,29,2
3945,20172,5,23,3
3946,20202,6,33,2
3947,20221,14,10,1
3948,20221,11,23,1
3949,20191,3,27,3
3950,20192,3,16,3
3951,20181,10,21,2
3952,20201,10,12,2
3953,20181,2,27,2
3954,20221,2,22,2
3955,20202,11,33,3
3956,20202,2,14,2
3957,20171,3,10,2
3958,20201,9,33,3
3959,20201,10,6,1
3960,20172,5,8,3
3961,20191,4,3,2
3962,20222,14,20,2
3963,20211,10,1,2
3964,20171,13,25,2
3965,20191,3,13,1
3966,20181,4,18,2
3967,20181,3,1,2
3968,20202,5,14,2
3969,20202,11,11,2
3970,20171,11,32,2
3971,20201,5,15,2
3972,20221,1,38,2
3973,20211,12,15,2
3974,20221,9,16,3
3975,20212,1,35,3
3976,20171,14,2,2
3977,20191,12,32,3
3978,20211,6,26,3
3979,20202,2,16,2
3980,20181,3,2,2
3981,20211,7,28,2
3982,20181,1,3,1
3983,20202,10,1,2
3984,20191,1,29,1
3985,20221,5,31,2
3986,20212,3,18,2
3987,20171,1,12,2
3988,20212,3,17,2
3989,20181,8,32,2
3990,20212,5,22,2
3991,20181,6,37,3
3992,20202,3,27,3
3993,20222,13,19,2
3994,20192,13,37,3
3995,20221,4,6,2
3996,20172,12,8,1
3997,20222,14,33,2
3998,20191,14,29,2
3999,20202,2,3,2
4000,20172,9,35,2
4001,20212,13,23,3
4002,20212,5,6,2
4003,20202,5,25,2
4004,20192,12,5,2
4005,20202,6,15,3
4006,20202,1,29,1
4007,20222,7,30,3
4008,20211,9,21,3
4009,20182,9,26,3
4010,20181,11,1,2
4011,20212,9,3,1
4012,20181,1,30,1
4013,20192,14,14,3
4014,20202,7,36,2
4015,20181,2,15,1
4016,20182,7,5,2
4017,20181,1,16,3
4018,20172,2,4,1
4019,20172,4,25,2
4020,20182,12,24,2
4021,20182,9,6,2
4022,20192,11,17,3
4023,20181,14,11,2
4024,20182,10,7,2
4025,20192,5,32,3
4026,20211,4,38,3
4027,20192,13,10,2
4028,20181,12,9,3
4029,20222,7,26,3
4030,20212,6,1,3
4031,20182,3,35,2
4032,20222,8,22,2
4033,20202,4,37,2
4034,20191,14,8,2
4035,20221,3,26,2
4036,20192,12,27,3
4037,20192,13,38,2
4038,20171,7,30,2
4039,20182,2,2,2
4040,20192,9,25,2
4041,20222,8,5,3
4042,20202,8,32,3
4043,20171,5,13,2
4044,20171,14,35,2
4045,20202,8,29,2
4046,20212,3,1,2
4047,20221,14,31,1
4048,20181,3,11,3
4049,20202,1,19,3
4050,20172,12,26,2
4051,20191,2,20,2
4052,20221,11,34,2
4053,20192,5,30,2
4054,20212,5,8,2
4055,20171,7,34,2
4056,20212,3,4,2
4057,20172,4,10,2
4058,20171,3,9,2
4059,20192,12,15,2
4060,20202,10,35,2
4061,20202,10,21,2
4062,20211,14,26,2
4063,20202,13,8,2
4064,20202,11,14,2
4065,20192,8,23,2
4066,20191,10,1,2
4067,20182,5,37,3
4068,20222,13,40,2
4069,20212,14,19,3
4070,20172,4,11,2
4071,20222,13,25,2
4072,20191,2,37,2
4073,20221,2,36,2
4074,20212,9,24,2
4075,20181,12,17,1
4076,20212,13,14,1
4077,20201,9,16,2
4078,20201,12,1,2
4079,20181,10,1,2
4080,20171,1,38,3
4081,20181,12,16,2
4082,20222,4,3,2
4083,20212,11,22,2
4084,20192,10,26,2
4085,20211,2,40,2
4086,20212,12,3,2
4087,20172,8,29,3
4088,20182,4,10,2
4089,20202,13,38,2
4090,20201,3,17,2
4091,20191,2,1,2
4092,20182,8,35,2
4093,20202,11,1,3
4094,20202,5,6,2
4095,20222,7,19,2
4096,20221,3,13,1
4097,20192,13,4,2
4098,20212,5,16,2
4099,20212,1,25,2
4100,20192,8,20,2
4101,20221,12,11,2
4102,20201,13,11,2
4103,20211,5,22,2
4104,20182,11,9,2
4105,20182,7,11,2
4106,20201,9,7,2
4107,20201,13,30,2
4108,20202,1,29,2
4109,20191,6,13,2
4110,20171,10,12,1
4111,20211,2,27,2
4112,20192,2,16,2
4113,20211,11,25,2
4114,20182,1,40,2
4115,20221,12,14,3
4116,20212,5,1,3
4117,20202,11,17,3
4118,20211,4,16,2
4119,20221,1,24,1
4120,20191,2,37,2
4121,20222,7,20,2
4122,20191,7,20,2
4123,20211,12,24,2
4124,20192,5,38,1
4125,20201,3,28,2
4126,20222,10,17,2
4127,20211,13,3,2
4128,20171,1,38,1
4129,20172,9,29,2
4130,20181,14,14,3
4131,20202,9,18,2
4132,20192,3,4,2
4133,20172,7,5,2
4134,20222,13,33,2
4135,20222,7,19,3
4136,20202,3,30,2
4137,20202,10,24,2
4138,20182,9,24,2
4139,20221,13,19,2
4140,20222,11,39,1
4141,20171,4,7,2
4142,20202,3,32,2
4143,20181,10,20,2
4144,20201,10,35,3
4145,20222,8,22,2
4146,20191,10,27,2
4147,20191,14,6,2
4148,20192,2,2,3
4149,20171,1,3,2
4150,20212,13,32,1
4151,20182,2,17,3
4152,20192,8,2,2
4153,20182,12,19,2
4154,20191,1,23,2
4155,20212,2,31,2
4156,20181,6,9,2
4157,20222,13,7,2
4158,20212,12,30,2
4159,20181,3,19,2
4160,20211,6,33,3
4161,20172,14,20,3
4162,20211,11,10,2
4163,20211,9,6,1
4164,20192,2,21,1
4165,20171,7,31,2
4166,20202,6,36,2
4167,20171,4,39,2
4168,20201,5,20,2
4169,20221,1,9,2
4170,20181,13,37,3
4171,20172,4,34,1
4172,20191,2,33,2
4173,20212,10,39,2
4174,20171,7,10,3
4175,20201,3,24,1
4176,20191,12,20,3
4177,20182,7,7,3
4178,20181,14,11,3
4179,20221,6,37,1
4180,20191,3,4,2
4181,20201,2,5,2
4182,20211,9,10,2
4183,20181,13,23,2
4184,20201,6,28,2
4185,20221,14,32,2
4186,20172,12,21,1
4187,20182,8,22,2
4188,20171,3,10,2
4189,20182,10,32,2
4190,20182,10,26,2
4191,20192,10,3,2
4192,20212,14,12,3
4193,20201,1,27,1
4194,20222,10,12,1
4195,20221,9,2,2
4196,20211,8,12,2
4197,20191,6,32,2
4198,20211,12,3,2
4199,20202,13,7,3
4200,20201,13,39,3
4201,20221,12,1,2
4202,20201,3,35,3
4203,20192,11,40,3
4204,20172,8,36,2
4205,20202,6,6,2
4206,20201,9,5,2
4207,20202,11,22,3
4208,20202,7,14,2
4209,20192,1,38,2
4210,20171,12,8,2
4211,20192,3,34,2
4212,20172,1,40,2
4213,20221,10,2,3
4214,20221,5,5,3
4215,20191,12,25,2
4216,20182,11,38,3
4217,20201,2,12,3
4218,20181,2,17,2
4219,20171,3,6,2
4220,20182,8,26,2
4221,20191,12,29,2
4222,20191,10,1,2
4223,20181,11,37,1
4224,20212,6,38,2
4225,20202,12,33,3
4226,20171,3,34,2
4227,20212,5,34,1
4228,20172,13,17,2
4229,20172,4,29,2
4230,20191,3,2,2
4231,20211,3,32,2
4232,20211,14,22,3
4233,20181,6,22,3
4234,20181,13,17,2
4235,20171,2,22,3
4236,20212,10,24,3
4237,20212,9,6,2
4238,20182,14,28,3
4239,20171,14,16,2
4240,20201,12,6,1
4241,20181,7,33,2
4242,20202,9,2,2
4243,20212,4,23,2
4244,20171,10,4,2
4245,20202,3,4,3
4246,20171,9,23,2
4247,20222,13,15,2
4248,20171,4,3,2
4249,20171,14,29,2
4250,20221,12,18,3
4251,20191,6,4,2
4252,20191,7,16,2
4253,20211,10,32,2
4254,20181,10,29,2
4255,20191,3,40,3
4256,20212,12,26,2
4257,20212,9,17,2
4258,20211,11,12,2
4259,20192,9,39,2
4260,20202,4,28,2
4261,20222,7,38,2
4262,20212,2,35,3
4263,20171,7,31,2
4264,20191,6,39,2
4265,20191,2,20,2
4266,20222,9,11,2
4267,20182,1,12,2
4268,20182,10,34,2
4269,20181,7,31,2
4270,20201,6,24,1
4271,20202,5,12,2
4272,20181,5,19,2
4273,20211,3,6,2
4274,20182,3,36,2
4275,20222,10,13,2
4276,20171,6,27,2
4277,20182,9,11,3
4278,20212,12,27,2
4279,20222,2,16,2
4280,20201,14,27,2
4281,20182,1,30,2
4282,20211,1,7,2
4283,20212,12,23,2
4284,20202,8,35,2
4285,20192,6,8,2
4286,20202,13,31,2
4287,20212,14,1,2
4288,20191,1,23,2
4289,20211,6,8,2
4290,20172,6,35,2
4291,20171,7,40,2
4292,20172,3,10,2
4293,20212,12,23,2
4294,20171,14,31,2
4295,20211,14,21,2
4296,20172,6,30,2
4297,20222,8,15,3
4298,20221,10,28,2
4299,20201,1,8,2
4300,20172,5,18,2
4301,20171,9,35,2
4302,20172,10,3,2
4303,20171,8,39,2
4304,20182,4,28,2
4305,20212,5,40,2
4306,20201,8,8,2
4307,20182,8,4,3
4308,20181,8,17,2
4309,20201,11,13,2
4310,20192,7,35,2
4311,20191,5,31,2
4312,20182,14,34,2
4313,20201,10,8,2
4314,20202,12,11,2
4315,20191,2,21,2
4316,20192,12,19,2
4317,20171,11,28,2
4318,20212,5,37,2
4319,20192,13,33,2
4320,20211,14,5,2
4321,20222,14,14,1
4322,20202,12,17,2
4323,20201,1,18,2
4324,20211,8,26,2
4325,20192,6,8,2
4326,20182,11,4,2
4327,20211,8,9,2
4328,20221,12,20,2
4329,20202,9,26,2
4330,20221,4,18,3
4331,20211,10,39,2
4332,20172,6,39,2
4333,20171,8,36,2
4334,20181,6,25,2
4335,20172,7,11,2
4336,20182,6,11,3
4337,20201,14,6,2
4338,20182,11,19,2
4339,20212,14,29,3
4340,20172,4,8,2
4341,20192,13,14,3
4342,20212,2,7,1
4343,20192,1,8,2
4344,20221,13,9,2
4345,20211,8,16,2
4346,20191,11,25,3
4347,20221,14,38,2
4348,20202,6,16,2
4349,20191,2,16,2
4350,20171,5,1,1
4351,20172,11,3,3
4352,20192,12,1,3
4353,20192,7,22,2
4354,20192,7,32,2
4355,20212,10,5,2
4356,20212,5,5,2
4357,20192,10,16,2
4358,20212,11,32,2
4359,20181,5,20,1
4360,20212,8,33,2
4361,20191,11,16,2
4362,20182,2,27,2
4363,20221,6,29,3
4364,20191,4,35,2
4365,20222,4,40,3
4366,20202,12,22,1
4367,20181,5,2,2
4368,20172,11,34,2
4369,20172,8,9,2
4370,20221,11,20,2
4371,20172,4,11,3
4372,20191,11,6,2
4373,20222,9,26,2
4374,20171,11,18,3
4375,20222,2,17,2
4376,20191,2,36,2
4377,20202,9,18,2
4378,20172,2,22,3
4379,20181,12,14,2
4380,20182,10,3,3
4381,20202,4,31,2
4382,20181,8,7,3
4383,20171,3,5,2
4384,20222,13,40,3
4385,20201,4,7,2
4386,20172,3,1,2
4387,20171,6,15,2
4388,20191,7,18,3
4389,20201,10,28,3
4390,20221,11,20,2
4391,20222,4,3,1
4392,20221,10,26,2
4393,20181,5,13,2
4394,20221,8,9,2
4395,20181,11,24,3
4396,20202,5,26,3
4397,20212,10,28,2
4398,20221,9,22,2
4399,20192,7,31,3
4400,20192,9,10,3
4401,20221,2,24,2
4402,20181,4,27,3
4403,20181,7,27,2
4404,20201,10,28,2
4405,20191,4,9,2
4406,20181,10,8,2
4407,20191,3,2,3
4408,20171,2,2,2
4409,20172,1,21,2
4410,20191,5,2,2
4411,20211,12,3,1
4412,20191,5,22,2
4413,20192,9,39,2
4414,20221,7,20,1
4415,20172,6,39,3
4416,20221,4,28,2
4417,20182,6,30,3
4418,20171,3,36,3
4419,20172,5,24,2
4420,20181,14,21,2
4421,20221,5,4,2
4422,20171,2,8,2
4423,20191,10,4,2
4424,20182,8,18,3
4425,20172,8,30,3
4426,20171,10,22,3
4427,20182,1,1,2
4428,20172,2,4,2
4429,20212,6,26,3
4430,20171,9,27,3
4431,20171,1,33,3
4432,20171,7,23,2
4433,20192,12,29,3
4434,20222,9,7,3
4435,20221,10,23,1
4436,20182,14,37,1
4437,20182,10,23,2
4438,20181,1,21,1
4439,20201,12,37,1
4440,20212,14,29,2
4441,20211,6,3,2
4442,20222,5,23,2
4443,20221,5,37,2
4444,20182,6,19,2
4445,20222,6,34,2
4446,20172,4,34,3
4447,20182,8,9,3
4448,20211,9,32,2
4449,20201,6,17,2
4450,20191,2,14,3
4451,20222,8,35,2
4452,20201,5,35,3
4453,20192,9,36,2
4454,20182,11,11,3
4455,20212,6,22,3
4456,20201,14,24,2
4457,20211,5,10,3
4458,20212,2,1,3
4459,20172,4,9,2
4460,20201,8,8,2
4461,20171,14,25,2
4462,20211,3,3,2
4463,20211,2,8,2
4464,20202,7,8,3
4465,20201,14,40,2
4466,20182,11,14,3
4467,20202,9,26,3
4468,20212,8,5,2
4469,20221,13,1,3
4470,20172,2,36,3
4471,20181,9,30,3
4472,20202,12,22,2
4473,20211,5,7,2
4474,20192,10,20,2
4475,20192,6,25,2
4476,20212,14,15,2
4477,20211,7,16,2
4478,20221,8,35,3
4479,20201,11,3,3
4480,20201,13,15,1
4481,20182,11,1,2
4482,20221,8,24,2
4483,20221,2,12,2
4484,20222,9,21,2
4485,20172,12,1,2
4486,20181,4,10,2
4487,20191,7,29,2
4488,20172,8,1,2
4489,20211,2,26,3
4490,20201,2,39,2
4491,20172,6,34,2
4492,20171,8,13,3
4493,20191,6,40,2
4494,20201,10,2,2
4495,20181,5,28,3
4496,20201,5,29,2
4497,20181,3,31,2
4498,20191,5,2,2
4499,20191,7,19,2
4500,20212,3,6,2
4501,20221,1,26,3
4502,20181,1,37,2
4503,20201,4,37,2
4504,20182,11,2,2
4505,20192,1,5,2
4506,20211,13,34,2
4507,20171,1,3,3
4508,20171,8,12,3
4509,20181,4,6,3
4510,20221,7,33,2
4511,20171,4,18,2
4512,20191,8,8,2
4513,20181,12,38,2
4514,20172,14,5,3
4515,20172,1,4,2
4516,20192,3,33,3
4517,20212,14,6,2
4518,20202,9,36,2
4519,20171,6,16,2
4520,20182,13,25,2
4521,20182,6,32,2
4522,20172,5,4,3
4523,20181,11,40,3
4524,20182,6,29,2
4525,20192,13,6,2
4526,20182,4,3,2
4527,20181,7,23,3
4528,20212,14,6,2
4529,20212,2,27,3
4530,20191,11,14,2
4531,20201,5,4,2
4532,20221,2,4,2
4533,20222,4,26,2
4534,20212,10,27,2
4535,20182,3,16,2
4536,20171,13,30,3
4537,20191,11,39,2
4538,20172,5,1,2
4539,20222,13,32,2
4540,20211,13,22,2
4541,20182,7,4,3
4542,20202,11,6,3
4543,20181,3,12,2
4544,20172,3,5,1
4545,20192,9,31,3
4546,20211,13,5,2
4547,20222,14,1,3
4548,20202,10,31,3
4549,20171,2,25,2
4550,20172,2,18,2
4551,20182,12,11,1
4552,20181,7,5,2
4553,20221,9,25,2
4554,20201,10,16,3
4555,20221,3,6,2
4556,20222,14,13,2
4557,20212,5,15,1
4558,20182,13,37,2
4559,20221,2,3,2
4560,20181,12,11,2
4561,20211,13,32,2
4562,20171,14,26,2
4563,20221,10,33,2
4564,20202,9,18,2
4565,20182,10,37,2
4566,20182,11,11,2
4567,20182,14,31,2
4568,20212,13,8,1
4569,20172,4,8,3
4570,20221,3,20,2
4571,20212,6,10,2
4572,20191,12,30,2
4573,20202,4,20,2
4574,20181,8,28,2
4575,20221,13,19,2
4576,20182,14,14,2
4577,20211,14,23,2
4578,20211,1,9,1
4579,20181,3,9,2
4580,20221,8,29,2
4581,20191,4,35,3
4582,20221,13,19,2
4583,20202,4,29,2
4584,20202,14,20,3
4585,20171,8,22,1
4586,20181,11,24,1
4587,20182,8,11,3
4588,20212,10,2,2
4589,20222,2,22,2
4590,20171,3,35,2
4591,20212,3,4,2
4592,20171,3,24,2
4593,20192,9,22,2
4594,20211,1,40,2
4595,20201,1,25,2
4596,20212,9,24,2
4597,20201,12,14,2
4598,20212,3,36,2
4599,20171,7,10,3
4600,20202,9,39,3
4601,20211,6,14,2
4602,20211,4,36,2
4603,20172,3,21,2
4604,20222,13,17,3
4605,20192,4,23,3
4606,20222,12,24,2
4607,20202,3,10,2
4608,20182,11,19,2
4609,20182,13,39,2
4610,20222,10,18,2
4611,20191,14,39,3
4612,20181,12,3,3
4613,20222,1,28,2
4614,20211,2,32,2
4615,20172,3,21,2
4616,20192,3,31,3
4617,20202,6,20,2
4618,20181,4,14,2
4619,20222,10,7,3
4620,20192,4,19,1
4621,20192,12,18,2
4622,20211,6,29,2
4623,20222,10,33,2
4624,20182,6,3,3
4625,20182,1,18,2
4626,20222,11,40,3
4627,20192,11,6,2
4628,20211,11,1,2
4629,20211,9,1,2
4630,20211,6,39,2
4631,20191,9,1,2
4632,20211,1,25,2
4633,20172,10,36,2
4634,20192,1,29,2
4635,20211,10,34,1
4636,20221,1,14,2
4637,20222,14,12,2
4638,20171,6,16,3
4639,20201,8,32,2
4640,20181,10,27,2
4641,20221,14,26,3
4642,20202,8,37,2
4643,20212,11,36,2
4644,20221,5,20,2
4645,20202,12,15,2
4646,20222,5,39,3
4647,20172,11,12,1
4648,20211,7,25,2
4649,20201,2,34,3
4650,20191,3,37,2
4651,20202,11,18,2
4652,20221,9,28,2
4653,20172,5,29,2
4654,20221,4,1,2
4655,20201,7,25,2
4656,20191,5,27,3
4657,20192,14,10,2
4658,20171,8,27,2
4659,20211,14,12,3
4660,20182,12,10,2
4661,20222,6,37,2
4662,20182,5,37,2
4663,20202,6,33,2
4664,20221,7,30,2
4665,20211,10,20,2
4666,20201,14,27,2
4667,20212,2,3,1
4668,20182,12,13,2
4669,20192,1,27,2
4670,20181,10,24,2
4671,20172,6,9,2
4672,20221,9,25,3
4673,20201,14,38,2
4674,20172,9,34,2
4675,20172,12,7,3
4676,20222,2,12,3
4677,20172,4,21,2
4678,20172,7,30,3
4679,20172,1,2,3
4680,20182,5,38,2
4681,20171,11,30,2
4682,20222,1,37,3
4683,20201,14,27,3
4684,20191,6,4,2
4685,20191,10,40,3
4686,20192,13,6,2
4687,20212,13,23,2
4688,20191,11,40,3
4689,20171,3,8,2
4690,20171,11,38,2
4691,20211,12,9,2
4692,20211,2,34,2
4693,20202,10,38,3
4694,20202,9,10,3
4695,20202,2,5,3
4696,20221,7,31,2
4697,20201,2,39,2
4698,20202,13,38,3
4699,20182,8,37,2
4700,20202,7,17,2
4701,20221,7,4,2
4702,20171,10,10,1
4703,20192,9,30,2
4704,20182,3,16,3
4705,20222,9,16,2
4706,20181,6,20,3
4707,20182,1,16,3
4708,20192,1,6,2
4709,20222,12,36,2
4710,20211,7,27,3
4711,20222,6,24,2
4712,20172,13,40,1
4713,20172,1,30,2
4714,20192,10,11,2
4715,20182,11,6,3
4716,20192,9,27,2
4717,20202,5,36,3
4718,20172,9,38,3
4719,20211,10,22,2
4720,20211,2,40,2
4721,20201,8,11,3
4722,20172,2,36,2
4723,20211,1,21,2
4724,20202,3,29,1
4725,20221,7,22,2
4726,20192,13,12,2
4727,20211,6,35,2
4728,20191,2,5,2
4729,20182,14,1,2
4730,20182,14,34,2
4731,20181,6,39,3
4732,20172,5,39,1
4733,20222,11,32,2
4734,20172,13,9,2
4735,20192,14,7,3
4736,20192,12,4,3
4737,20191,10,31,2
4738,20211,7,12,2
4739,20211,13,38,2
4740,20212,6,36,3
4741,20211,8,38,2
4742,20221,6,40,2
4743,20171,13,4,2
4744,20182,4,39,2
4745,20182,7,29,1
4746,20191,8,40,2
4747,20221,4,31,2
4748,20221,6,8,3
4749,20202,13,17,3
4750,20201,4,33,3
4751,20211,4,26,3
4752,20211,8,23,2
4753,20181,5,5,2
4754,20181,13,17,2
4755,20222,8,20,2
4756,20212,6,15,3
4757,20201,7,25,2
4758,20201,4,12,3
4759,20181,4,12,2
4760,20201,8,1,1
4761,20192,9,24,2
4762,20181,14,19,2
4763,20182,3,38,3
4764,20221,3,38,2
4765,20201,12,22,2
4766,20221,11,20,2
4767,20181,3,22,2
4768,20201,12,25,2
4769,20191,8,10,2
4770,20182,12,29,2
4771,20221,8,10,2
4772,20211,3,24,2
4773,20181,5,38,1
4774,20172,5,36,2
4775,20212,9,29,2
4776,20201,14,6,2
4777,20182,10,19,2
4778,20171,11,37,2
4779,20171,9,29,2
4780,20221,6,31,3
4781,20201,1,1,2
4782,20182,14,3,2
4783,20171,12,2,3
4784,20201,6,13,2
4785,20211,9,11,2
4786,20171,7,36,2
4787,20222,4,32,2
4788,20182,9,14,2
4789,20172,13,34,2
4790,20221,12,31,2
4791,20182,8,40,2
4792,20222,3,16,2
4793,20222,13,2,2
4794,20192,5,14,3
4795,20181,5,17,2
4796,20191,2,11,2
4797,20172,12,8,2
4798,20192,2,34,2
4799,20222,6,32,1
4800,20182,3,32,2
4801,20182,11,31,2
4802,20211,11,17,3
4803,20182,14,6,2
4804,20202,13,27,1
4805,20222,9,20,3
4806,20191,5,7,2
4807,20181,6,36,2
4808,20211,9,21,2
4809,20192,11,7,2
4810,20211,8,20,3
4811,20172,2,19,2
4812,20202,5,22,3
4813,20182,10,29,3
4814,20172,3,33,3
4815,20171,10,38,2
4816,20191,13,2,3
4817,20192,9,17,2
4818,20201,10,21,2
4819,20222,7,15,2
4820,20182,8,15,3
4821,20221,13,29,2
4822,20181,3,2,2
4823,20211,11,35,3
4824,20192,10,40,2
4825,20211,4,8,2
4826,20171,8,18,1
4827,20182,2,20,2
4828,20222,11,12,3
4829,20181,12,30,2
4830,20212,1,14,3
4831,20201,13,39,2
4832,20202,11,38,2
4833,20201,5,24,3
4834,20171,5,31,2
4835,20212,2,26,1
4836,20201,7,39,3
4837,20201,6,18,2
4838,20171,5,27,2
4839,20222,1,32,2
4840,20191,3,19,2
4841,20191,6,40,3
4842,20191,8,16,2
4843,20191,11,4,1
4844,20222,4,23,2
4845,20171,11,35,2
4846,20181,7,13,2
4847,20172,10,19,3
4848,20212,6,23,2
4849,20202,2,4,2
4850,20181,14,5,3
4851,20221,3,10,1
4852,20201,7,3,2
4853,20191,1,40,3
4854,20212,8,21,3
4855,20181,8,18,3
4856,20201,2,31,2
4857,20212,2,6,3
4858,20181,5,4,2
4859,20191,12,34,2
4860,20172,1,29,2
4861,20192,8,3,2
4862,20192,8,23,3
4863,20181,4,5,2
4864,20182,1,1,3
4865,20211,2,32,2
4866,20202,8,34,2
4867,20171,12,21,2
4868,20181,14,37,3
4869,20192,3,15,2
4870,20212,4,9,2
4871,20182,13,40,3
4872,20221,13,24,2
4873,20171,1,16,2
4874,20182,8,4,3
4875,20212,8,33,2
4876,20181,1,17,2
4877,20211,8,37,2
4878,20201,3,37,2
4879,20181,7,19,3
4880,20222,13,20,2
4881,20222,1,40,2
4882,20222,8,8,2
4883,20181,9,33,3
4884,20221,8,25,2
4885,20201,10,37,1
4886,20201,7,20,2
4887,20222,7,10,2
4888,20212,1,21,2
4889,20222,9,1,3
4890,20222,9,6,2
4891,20182,2,10,2
4892,20221,1,23,3
4893,20171,3,32,2
4894,20192,13,8,3
4895,20201,7,15,2
4896,20212,5,34,2
4897,20181,11,37,2
4898,20222,8,35,3
4899,20182,13,24,2
4900,20192,1,18,2
4901,20171,4,9,2
4902,20191,8,3,2
4903,20222,6,25,2
4904,20192,7,40,2
4905,20222,13,23,2
4906,20182,13,17,2
4907,20222,12,10,2
4908,20192,11,37,2
4909,20191,5,18,2
4910,20191,8,3,3
4911,20171,2,33,2
4912,20222,9,40,2
4913,20182,3,17,2
4914,20222,9,23,2
4915,20192,2,12,2
4916,20191,11,32,1
4917,20192,13,21,2
4918,20221,13,1,2
4919,20172,13,17,3
4920,20191,7,27,3
4921,20221,9,4,2
4922,20172,7,10,2
4923,20221,7,22,2
4924,20192,7,33,3
4925,20191,6,38,2
4926,20172,11,36,3
4927,20211,8,14,3
4928,20181,14,35,3
4929,20192,2,14,3
4930,20221,5,22,2
4931,20222,5,21,2
4932,20212,14,33,3
4933,20221,5,26,2
4934,20171,4,7,2
4935,20172,5,1,2
4936,20191,11,28,3
4937,20221,1,31,2
4938,20212,4,15,2
4939,20171,14,11,3
4940,20191,4,5,3
4941,20222,14,40,3
4942,20182,3,29,2
4943,20171,5,27,2
4944,20181,12,25,3
4945,20182,11,6,1
4946,20221,11,1,2
4947,20212,6,15,2
4948,20201,5,22,2
4949,20221,9,12,2
4950,20182,1,21,2
4951,20171,10,21,2
4952,20181,3,24,2
4953,20221,3,26,2
4954,20192,7,39,3
4955,20192,7,22,2
4956,20202,3,38,3
4957,20182,12,30,1
4958,20211,11,9,1
4959,20222,4,19,2
4960,20172,5,23,2
4961,20221,10,36,2
4962,20181,4,37,2
4963,20202,1,15,2
4964,20222,4,29,2
4965,20181,13,7,2
4966,20192,8,38,2
4967,20182,10,14,3
4968,20181,14,16,1
4969,20181,2,5,1
4970,20202,3,12,2
4971,20201,11,17,2
4972,20212,3,38,3
4973,20221,2,26,2
4974,20192,14,24,3
4975,20202,3,20,2
4976,20212,3,31,2
4977,20221,1,18,3
4978,20192,1,13,2
4979,20172,2,28,2
4980,20192,13,20,1
4981,20222,4,34,2
4982,20182,4,4,3
4983,20172,8,36,3
4984,20211,9,8,2
4985,20211,12,31,3
4986,20182,4,33,1
4987,20201,5,24,2
4988,20211,7,11,2
4989,20222,1,34,2
4990,20201,4,39,3
4991,20192,4,1,2
4992,20202,4,40,2
4993,20172,6,17,2
4994,20171,9,38,1
4995,20222,2,6,2
4996,20182,4,26,2
4997,20211,9,32,3
4998,20211,12,38,2
4999,20211,1,13,2
5000,20211,5,17,3
5001,20172,7,1,2
5002,20192,13,5,2
5003,20182,12,36,1
5004,20181,11,29,3
5005,20171,7,31,2
5006,20222,7,36,2
5007,20222,8,14,2
5008,20212,13,2,2
5009,20192,2,3,3
5010,20222,8,4,2
5011,20201,2,23,1
5012,20211,11,30,2
5013,20182,3,13,2
5014,20221,3,39,2
5015,20171,10,4,2
5016,20191,10,10,3
5017,20192,7,24,3
5018,20192,7,24,2
5019,20192,13,31,3
5020,20172,9,39,2
5021,20171,13,2,2
5022,20212,4,14,3
5023,20201,14,25,2
5024,20212,7,20,3
5025,20202,9,19,2
5026,20222,6,31,2
5027,20172,8,7,1
5028,20221,7,36,2
5029,20202,7,15,2
5030,20192,7,29,2
5031,20211,13,31,2
5032,20211,10,37,2
5033,20192,10,19,1
5034,20191,6,31,2
5035,20192,12,37,2
5036,20172,13,14,3
5037,20222,10,28,2
5038,20181,4,3,2
5039,20191,2,6,2
5040,20181,13,12,3
5041,20202,4,15,2
5042,20222,11,30,2
5043,20211,6,14,2
5044,20211,10,14,2
5045,20212,8,15,3
5046,20221,10,4,3
5047,20192,6,38,2
5048,20172,5,35,3
5049,20191,13,40,2
5050,20181,11,33,3
5051,20221,3,23,3
5052,20222,11,20,2
5053,20171,7,16,3
5054,20221,10,37,2
5055,20182,10,24,1
5056,20182,10,23,2
5057,20201,8,11,2
5058,20212,7,33,3
5059,20191,7,18,2
5060,20182,1,22,3
5061,20211,10,24,2
5062,20202,1,20,3
5063,20181,9,19,2
5064,20172,1,19,3
5065,20191,3,35,3
5066,20201,7,11,2
5067,20221,4,21,2
5068,20192,4,21,2
5069,20181,4,31,2
5070,20172,3,11,2
5071,20222,3,19,2
5072,20201,3,2,3
5073,20171,7,31,1
5074,20211,13,18,1
5075,20181,7,14,3
5076,20202,13,21,2
5077,20201,8,12,2
5078,20191,3,27,2
5079,20191,3,18,2
5080,20171,13,25,2
5081,20181,7,38,2
5082,20202,3,5,2
5083,20191,10,29,2
5084,20222,11,12,2
5085,20182,3,27,2
5086,20191,9,8,2
5087,20191,1,24,3
5088,20191,14,31,3
